2026-04-10 03:19:06.314: [INFO][Sync] Reset engine, reason: 8
2026-04-10 03:19:06.314: [INFO][Sync] Stopped: Bookmarks
2026-04-10 03:19:06.314: [INFO][Sync] Stopped: Preferences
2026-04-10 03:19:06.314: [INFO][Sync] Stopped: Passwords
2026-04-10 03:19:06.314: [INFO][Sync] Stopped: Autofill Profiles
2026-04-10 03:19:06.314: [INFO][Sync] Stopped: Autofill
2026-04-10 03:19:06.314: [INFO][Sync] Stopped: Extensions
2026-04-10 03:19:06.314: [INFO][Sync] Stopped: Sessions
2026-04-10 03:19:06.314: [INFO][Sync] Stopped: Extension settings
2026-04-10 03:19:06.314: [INFO][Sync] Stopped: History Delete Directives
2026-04-10 03:19:06.314: [INFO][Sync] Stopped: Device Info
2026-04-10 03:19:06.314: [INFO][Sync] Stopped: User Consents
2026-04-10 03:19:06.314: [INFO][Sync] Stopped: Send Tab To Self
2026-04-10 03:19:06.314: [INFO][Sync] Stopped: Web Apps
2026-04-10 03:19:06.314: [INFO][Sync] Stopped: History
2026-04-10 03:19:06.314: [INFO][Sync] Stopped: Saved Tab Group
2026-04-10 03:19:06.314: [INFO][Sync] Stopped: WebAuthn Credentials
2026-04-10 03:19:06.314: [INFO][Sync] Stopped: Collection
2026-04-10 03:19:06.314: [INFO][Sync] Stopped: Edge E Drop
2026-04-10 03:19:06.314: [INFO][Sync] Stopped: Edge Hub App Usage
2026-04-10 03:19:06.314: [INFO][Sync] Stopped: Edge Wallet
2026-04-10 03:19:06.314: [INFO][Sync] Stopped: Edge Workspace
2026-04-10 03:19:06.314: [INFO][Sync] SyncState after authenticated was: NotSignedIn
2026-04-10 03:19:06.487: [INFO][Sync] Reset engine, reason: 8
2026-04-10 03:19:06.487: [INFO][Sync] Stopped: Bookmarks
2026-04-10 03:19:06.487: [INFO][Sync] Stopped: Preferences
2026-04-10 03:19:06.487: [INFO][Sync] Stopped: Passwords
2026-04-10 03:19:06.487: [INFO][Sync] Stopped: Autofill Profiles
2026-04-10 03:19:06.487: [INFO][Sync] Stopped: Autofill
2026-04-10 03:19:06.488: [INFO][Sync] Stopped: Extensions
2026-04-10 03:19:06.488: [INFO][Sync] Stopped: Sessions
2026-04-10 03:19:06.488: [INFO][Sync] Stopped: Extension settings
2026-04-10 03:19:06.488: [INFO][Sync] Stopped: History Delete Directives
2026-04-10 03:19:06.488: [INFO][Sync] Stopped: Device Info
2026-04-10 03:19:06.488: [INFO][Sync] Stopped: User Consents
2026-04-10 03:19:06.488: [INFO][Sync] Stopped: Send Tab To Self
2026-04-10 03:19:06.488: [INFO][Sync] Stopped: Web Apps
2026-04-10 03:19:06.488: [INFO][Sync] Stopped: History
2026-04-10 03:19:06.488: [INFO][Sync] Stopped: Saved Tab Group
2026-04-10 03:19:06.488: [INFO][Sync] Stopped: WebAuthn Credentials
2026-04-10 03:19:06.488: [INFO][Sync] Stopped: Collection
2026-04-10 03:19:06.488: [INFO][Sync] Stopped: Edge E Drop
2026-04-10 03:19:06.488: [INFO][Sync] Stopped: Edge Hub App Usage
2026-04-10 03:19:06.488: [INFO][Sync] Stopped: Edge Wallet
2026-04-10 03:19:06.488: [INFO][Sync] Stopped: Edge Workspace
2026-04-10 03:19:07.915: [INFO][Sync] Try to start sync engine
2026-04-10 03:19:07.915: [INFO][SyncManagerImpl::NudgeForInitialDownload] Initial download nudge for Encryption Keys
2026-04-10 03:19:07.915: [INFO][SyncEngineBackend::LoadAndConnectNigoriController] Load and connect Nigori controller
2026-04-10 03:19:07.915: [INFO][SyncEngineBackend::DoInitialize] Control Types added: Encryption Keys
2026-04-10 03:19:07.915: [INFO][SyncManagerImpl::ConfigureSyncer] Types to download: Encryption Keys with reason: 3
2026-04-10 03:19:07.915: [INFO][SyncSchedulerImpl::DoConfigurationSyncCycleJob] Configure job was blocked
2026-04-10 03:19:07.940: [INFO][SyncAuthManager::SetLastAuthError] Current auth error: None
2026-04-10 03:19:07.940: [INFO][SyncAuthManager::EdgeLogTokenErrorState] Token error with: None for account type: MSA
2026-04-10 03:19:07.940: [INFO][Sync] Credentials changed for: EdgeSyncScopeNew
2026-04-10 03:19:08.941: [INFO][SyncAuthManager::SetLastAuthError] Current auth error: None
2026-04-10 03:19:08.941: [INFO][SyncAuthManager::EdgeLogTokenErrorState] Token error with: None for account type: MSA
2026-04-10 03:19:08.941: [INFO][Sync] Credentials changed for: EdgeSyncKeyDataScope
2026-04-10 03:19:08.941: [INFO][SyncEngineBackend::DoUpdateKeyDataCredentials] Update key data credentials
2026-04-10 03:19:08.941: [INFO][SyncEngineBackend::DoUpdateCredentials] Update credentials
2026-04-10 03:19:08.941: [INFO][SyncSchedulerImpl::DoConfigurationSyncCycleJob] Blocked types:  and types to download: Encryption Keys
2026-04-10 03:19:09.676: [INFO][Sync] Started DataTypeManager configuration, reason: 4
2026-04-10 03:19:09.676: [INFO][Sync] Configuring for: Bookmarks, Preferences, Passwords, Autofill Profiles, Autofill, Extensions, Sessions, Extension settings, History Delete Directives, Device Info, User Consents, Send Tab To Self, Web Apps, History, Saved Tab Group, WebAuthn Credentials, Collection, Edge E Drop, Edge Hub App Usage, Edge Wallet, Edge Workspace, Encryption Keys, reason: 3, current state: 0
2026-04-10 03:19:09.676: [WARN][Sync] Crypto error data types: Passwords, Autofill Profiles, Autofill
2026-04-10 03:19:09.677: [INFO][Sync] Configure, desired: Bookmarks, Preferences, Extensions, Sessions, Extension settings, History Delete Directives, Device Info, User Consents, Send Tab To Self, Web Apps, History, Saved Tab Group, WebAuthn Credentials, Collection, Edge E Drop, Edge Hub App Usage, Edge Wallet, Edge Workspace, Encryption Keys; Allow fail: Passwords, Autofill Profiles, Autofill
2026-04-10 03:19:09.677: [INFO][Sync] Loading: Bookmarks
2026-04-10 03:19:09.677: [INFO][Sync] Loading: Preferences
2026-04-10 03:19:09.677: [INFO][Sync] Loading: Extensions
2026-04-10 03:19:09.677: [INFO][Sync] Loading: Sessions
2026-04-10 03:19:09.677: [INFO][Sync] Loading: Extension settings
2026-04-10 03:19:09.677: [INFO][Sync] Loading: History Delete Directives
2026-04-10 03:19:09.677: [INFO][Sync] Loading: Device Info
2026-04-10 03:19:09.677: [INFO][Sync] Loading: User Consents
2026-04-10 03:19:09.677: [INFO][Sync] Loading: Send Tab To Self
2026-04-10 03:19:09.677: [INFO][Sync] Loading: Web Apps
2026-04-10 03:19:09.677: [INFO][Sync] Loading: History
2026-04-10 03:19:09.677: [INFO][Sync] Loading: Saved Tab Group
2026-04-10 03:19:09.677: [INFO][Sync] Loading: WebAuthn Credentials
2026-04-10 03:19:09.677: [INFO][Sync] Loading: Collection
2026-04-10 03:19:09.677: [INFO][Sync] Loading: Edge E Drop
2026-04-10 03:19:09.677: [INFO][Sync] Loading: Edge Hub App Usage
2026-04-10 03:19:09.677: [INFO][Sync] Loading: Edge Wallet
2026-04-10 03:19:09.677: [INFO][Sync] Loading: Edge Workspace
2026-04-10 03:19:09.678: [INFO][Sync] All data types are ready for configure.
2026-04-10 03:19:10.301: [INFO][Sync] Started DataTypeManager configuration, reason: 5
2026-04-10 03:19:10.302: [INFO][Sync] Configuring for: Bookmarks, Preferences, Passwords, Autofill Profiles, Autofill, Extensions, Sessions, Extension settings, History Delete Directives, Device Info, User Consents, Send Tab To Self, Web Apps, History, Saved Tab Group, WebAuthn Credentials, Collection, Edge E Drop, Edge Hub App Usage, Edge Wallet, Edge Workspace, Encryption Keys, reason: 5, current state: 1
2026-04-10 03:19:10.305: [INFO][SyncEngineBackend::DoStartConfiguration] Start configuration
2026-04-10 03:19:10.305: [INFO][SyncManagerImpl::NudgeForInitialDownload] Initial download nudge for Bookmarks
2026-04-10 03:19:10.305: [INFO][SyncManagerImpl::NudgeForInitialDownload] Initial download nudge for Preferences
2026-04-10 03:19:10.305: [INFO][SyncManagerImpl::NudgeForInitialDownload] Initial download nudge for Extensions
2026-04-10 03:19:10.305: [INFO][SyncManagerImpl::NudgeForInitialDownload] Initial download nudge for Sessions
2026-04-10 03:19:10.305: [INFO][SyncManagerImpl::NudgeForInitialDownload] Initial download nudge for Extension settings
2026-04-10 03:19:10.305: [INFO][SyncManagerImpl::NudgeForInitialDownload] Initial download nudge for History Delete Directives
2026-04-10 03:19:10.305: [INFO][SyncManagerImpl::NudgeForInitialDownload] Initial download nudge for Device Info
2026-04-10 03:19:10.305: [INFO][SyncManagerImpl::NudgeForInitialDownload] Initial download nudge for Send Tab To Self
2026-04-10 03:19:10.305: [INFO][SyncManagerImpl::NudgeForInitialDownload] Initial download nudge for Web Apps
2026-04-10 03:19:10.305: [INFO][SyncManagerImpl::NudgeForInitialDownload] Initial download nudge for History
2026-04-10 03:19:10.305: [INFO][SyncManagerImpl::NudgeForInitialDownload] Initial download nudge for Saved Tab Group
2026-04-10 03:19:10.305: [INFO][SyncManagerImpl::NudgeForInitialDownload] Initial download nudge for WebAuthn Credentials
2026-04-10 03:19:10.305: [INFO][SyncManagerImpl::NudgeForInitialDownload] Initial download nudge for Collection
2026-04-10 03:19:10.305: [INFO][SyncManagerImpl::NudgeForInitialDownload] Initial download nudge for Edge E Drop
2026-04-10 03:19:10.305: [INFO][SyncManagerImpl::NudgeForInitialDownload] Initial download nudge for Edge Hub App Usage
2026-04-10 03:19:10.305: [INFO][SyncManagerImpl::NudgeForInitialDownload] Initial download nudge for Edge Wallet
2026-04-10 03:19:10.305: [INFO][SyncManagerImpl::NudgeForInitialDownload] Initial download nudge for Edge Workspace
2026-04-10 03:19:10.305: [INFO][SyncManagerImpl::ConfigureSyncer] Types to download:  with reason: 3
2026-04-10 03:19:10.305: [INFO][SyncEngineBackend::DoFinishConfigureDataTypes] Failed to download types:  and succeeded types: 
2026-04-10 03:19:10.305: [INFO][Sync] ConfigurationDone, failed: , succeeded: , remaining count: 4
2026-04-10 03:19:10.305: [WARN][Sync]     Reconfigure requested while configuration ongoing.
2026-04-10 03:19:10.305: [INFO][Sync] Configuring for: Bookmarks, Preferences, Passwords, Autofill Profiles, Autofill, Extensions, Sessions, Extension settings, History Delete Directives, Device Info, User Consents, Send Tab To Self, Web Apps, History, Saved Tab Group, WebAuthn Credentials, Collection, Edge E Drop, Edge Hub App Usage, Edge Wallet, Edge Workspace, Encryption Keys, reason: 5, current state: 2
2026-04-10 03:19:10.305: [INFO][Sync] Configure, desired: Bookmarks, Preferences, Passwords, Autofill Profiles, Autofill, Extensions, Sessions, Extension settings, History Delete Directives, Device Info, User Consents, Send Tab To Self, Web Apps, History, Saved Tab Group, WebAuthn Credentials, Collection, Edge E Drop, Edge Hub App Usage, Edge Wallet, Edge Workspace, Encryption Keys; Allow fail: 
2026-04-10 03:19:10.305: [INFO][Sync] Loading: Passwords
2026-04-10 03:19:10.305: [INFO][Sync] Loading: Autofill Profiles
2026-04-10 03:19:10.305: [INFO][Sync] Loading: Autofill
2026-04-10 03:19:10.305: [INFO][Sync] All data types are ready for configure.
2026-04-10 03:19:10.305: [INFO][SyncManagerImpl::NudgeForInitialDownload] Initial download nudge for Passwords
2026-04-10 03:19:10.306: [INFO][SyncManagerImpl::NudgeForInitialDownload] Initial download nudge for Autofill Profiles
2026-04-10 03:19:10.306: [INFO][SyncManagerImpl::NudgeForInitialDownload] Initial download nudge for Autofill
2026-04-10 03:19:10.306: [INFO][SyncManagerImpl::ConfigureSyncer] Types to download:  with reason: 5
2026-04-10 03:19:10.306: [INFO][SyncEngineBackend::DoFinishConfigureDataTypes] Failed to download types:  and succeeded types: 
2026-04-10 03:19:10.306: [INFO][Sync] ConfigurationDone, failed: , succeeded: , remaining count: 4
2026-04-10 03:19:10.306: [INFO][Sync] Prepare to configure types: Preferences, Passwords, Device Info, Send Tab To Self, Edge E Drop, Encryption Keys
2026-04-10 03:19:10.306: [INFO][SyncManagerImpl::ConfigureSyncer] Types to download: Preferences, Passwords, Device Info, Send Tab To Self, Edge E Drop, Encryption Keys with reason: 5
2026-04-10 03:19:10.306: [INFO][SyncSchedulerImpl::DoConfigurationSyncCycleJob] Blocked types:  and types to download: Preferences, Passwords, Device Info, Send Tab To Self, Edge E Drop, Encryption Keys
2026-04-10 03:19:11.776: [INFO][SyncEngineBackend::DoFinishConfigureDataTypes] Failed to download types:  and succeeded types: Preferences, Passwords, Device Info, Send Tab To Self, Edge E Drop, Encryption Keys
2026-04-10 03:19:11.801: [INFO][Sync] ConfigurationDone, failed: , succeeded: Preferences, Passwords, Device Info, Send Tab To Self, Edge E Drop, Encryption Keys, remaining count: 3
2026-04-10 03:19:11.801: [INFO][Sync] Prepare to configure types: Bookmarks, Encryption Keys
2026-04-10 03:19:11.801: [INFO][SyncManagerImpl::ConfigureSyncer] Types to download: Bookmarks, Encryption Keys with reason: 5
2026-04-10 03:19:11.801: [INFO][SyncSchedulerImpl::DoConfigurationSyncCycleJob] Blocked types:  and types to download: Bookmarks, Encryption Keys
2026-04-10 03:19:12.528: [INFO][SyncEngineBackend::DoFinishConfigureDataTypes] Failed to download types:  and succeeded types: Bookmarks, Encryption Keys
2026-04-10 03:19:12.533: [INFO][Sync] ConfigurationDone, failed: , succeeded: Bookmarks, Encryption Keys, remaining count: 2
2026-04-10 03:19:12.533: [INFO][Sync] Prepare to configure types: Autofill Profiles, Autofill, Extensions, Sessions, Extension settings, History Delete Directives, Web Apps, Saved Tab Group, WebAuthn Credentials, Collection, Edge Hub App Usage, Edge Wallet, Edge Workspace, Encryption Keys
2026-04-10 03:19:12.533: [INFO][SyncManagerImpl::ConfigureSyncer] Types to download: Autofill Profiles, Autofill, Extensions, Sessions, Extension settings, History Delete Directives, Web Apps, Saved Tab Group, WebAuthn Credentials, Collection, Edge Hub App Usage, Edge Wallet, Edge Workspace, Encryption Keys with reason: 5
2026-04-10 03:19:12.533: [INFO][SyncSchedulerImpl::DoConfigurationSyncCycleJob] Blocked types:  and types to download: Autofill Profiles, Autofill, Extensions, Sessions, Extension settings, History Delete Directives, Web Apps, Saved Tab Group, WebAuthn Credentials, Collection, Edge Hub App Usage, Edge Wallet, Edge Workspace, Encryption Keys
2026-04-10 03:19:37.033: [INFO][Sync] Reset engine, reason: 0
2026-04-10 03:19:37.033: [INFO][Sync] Reset engine with reason: 0
2026-04-10 03:19:37.033: [INFO][SyncSchedulerImpl::OnSyncNetworkError] Syncer error: Network error (ERR_ABORTED)
2026-04-10 03:19:37.034: [INFO][SyncSchedulerImpl::DoConfigurationSyncCycleJob] Syncer error: Success
2026-04-10 03:46:13.359: [INFO][Sync] SyncState after authenticated was: FeatureCanStart
2026-04-10 03:46:14.619: [INFO][SyncAuthManager::SetLastAuthError] Current auth error: None
2026-04-10 03:46:14.619: [INFO][SyncAuthManager::EdgeLogTokenErrorState] Token error with: None for account type: MSA
2026-04-10 03:46:14.619: [INFO][Sync] Credentials changed for: EdgeSyncKeyDataScope
2026-04-10 03:46:21.779: [INFO][Sync] Try to start sync engine
2026-04-10 03:46:21.780: [INFO][SyncManagerImpl::NudgeForInitialDownload] Initial download nudge for Encryption Keys
2026-04-10 03:46:21.780: [INFO][SyncEngineBackend::LoadAndConnectNigoriController] Load and connect Nigori controller
2026-04-10 03:46:21.780: [INFO][SyncEngineBackend::DoInitialize] Control Types added: Encryption Keys
2026-04-10 03:46:21.780: [INFO][SyncManagerImpl::ConfigureSyncer] Types to download: Encryption Keys with reason: 3
2026-04-10 03:46:21.780: [INFO][SyncEngineBackend::DoUpdateKeyDataCredentials] Update key data credentials
2026-04-10 03:46:21.780: [INFO][SyncSchedulerImpl::DoConfigurationSyncCycleJob] Configure job was blocked
2026-04-10 03:46:21.786: [INFO][SyncAuthManager::SetLastAuthError] Current auth error: None
2026-04-10 03:46:21.786: [INFO][SyncAuthManager::EdgeLogTokenErrorState] Token error with: None for account type: MSA
2026-04-10 03:46:21.786: [INFO][Sync] Credentials changed for: EdgeSyncScopeNew
2026-04-10 03:46:21.786: [INFO][SyncEngineBackend::DoUpdateCredentials] Update credentials
2026-04-10 03:46:21.786: [INFO][SyncSchedulerImpl::DoConfigurationSyncCycleJob] Blocked types:  and types to download: Encryption Keys
2026-04-10 03:46:22.551: [INFO][SyncEngineBackend::DoUpdateKeyDataCredentials] Update key data credentials
2026-04-10 03:46:22.556: [INFO][Sync] Started DataTypeManager configuration, reason: 4
2026-04-10 03:46:22.556: [INFO][Sync] Configuring for: Bookmarks, Preferences, Passwords, Autofill Profiles, Autofill, Extensions, Sessions, Extension settings, History Delete Directives, Device Info, User Consents, Send Tab To Self, Web Apps, History, Saved Tab Group, WebAuthn Credentials, Collection, Edge E Drop, Edge Hub App Usage, Edge Wallet, Edge Workspace, Encryption Keys, reason: 4, current state: 0
2026-04-10 03:46:22.556: [WARN][Sync] Crypto error data types: Passwords, Autofill Profiles, Autofill
2026-04-10 03:46:22.557: [INFO][Sync] Configure, desired: Bookmarks, Preferences, Extensions, Sessions, Extension settings, History Delete Directives, Device Info, User Consents, Send Tab To Self, Web Apps, History, Saved Tab Group, WebAuthn Credentials, Collection, Edge E Drop, Edge Hub App Usage, Edge Wallet, Edge Workspace, Encryption Keys; Allow fail: Passwords, Autofill Profiles, Autofill
2026-04-10 03:46:22.558: [INFO][Sync] Loading: Bookmarks
2026-04-10 03:46:22.558: [INFO][Sync] Loading: Preferences
2026-04-10 03:46:22.558: [INFO][Sync] Loading: Extensions
2026-04-10 03:46:22.558: [INFO][Sync] Loading: Sessions
2026-04-10 03:46:22.558: [INFO][Sync] Loading: Extension settings
2026-04-10 03:46:22.558: [INFO][Sync] Loading: History Delete Directives
2026-04-10 03:46:22.558: [INFO][Sync] Loading: Device Info
2026-04-10 03:46:22.558: [INFO][Sync] Loading: User Consents
2026-04-10 03:46:22.558: [INFO][Sync] Loading: Send Tab To Self
2026-04-10 03:46:22.558: [INFO][Sync] Loading: Web Apps
2026-04-10 03:46:22.558: [INFO][Sync] Loading: History
2026-04-10 03:46:22.558: [INFO][Sync] Loading: Saved Tab Group
2026-04-10 03:46:22.558: [INFO][Sync] Loading: WebAuthn Credentials
2026-04-10 03:46:22.558: [INFO][Sync] Loading: Collection
2026-04-10 03:46:22.558: [INFO][Sync] Loading: Edge E Drop
2026-04-10 03:46:22.558: [INFO][Sync] Loading: Edge Hub App Usage
2026-04-10 03:46:22.558: [INFO][Sync] Loading: Edge Wallet
2026-04-10 03:46:22.558: [INFO][Sync] Loading: Edge Workspace
2026-04-10 03:46:22.562: [INFO][Sync] All data types are ready for configure.
2026-04-10 03:46:23.142: [INFO][Sync] Started DataTypeManager configuration, reason: 5
2026-04-10 03:46:23.142: [INFO][Sync] Configuring for: Bookmarks, Preferences, Passwords, Autofill Profiles, Autofill, Extensions, Sessions, Extension settings, History Delete Directives, Device Info, User Consents, Send Tab To Self, Web Apps, History, Saved Tab Group, WebAuthn Credentials, Collection, Edge E Drop, Edge Hub App Usage, Edge Wallet, Edge Workspace, Encryption Keys, reason: 5, current state: 1
2026-04-10 03:46:23.148: [INFO][SyncEngineBackend::DoStartConfiguration] Start configuration
2026-04-10 03:46:23.148: [INFO][SyncManagerImpl::NudgeForInitialDownload] Initial download nudge for Extensions
2026-04-10 03:46:23.148: [INFO][SyncManagerImpl::NudgeForInitialDownload] Initial download nudge for Sessions
2026-04-10 03:46:23.148: [INFO][SyncManagerImpl::NudgeForInitialDownload] Initial download nudge for Extension settings
2026-04-10 03:46:23.148: [INFO][SyncManagerImpl::NudgeForInitialDownload] Initial download nudge for History Delete Directives
2026-04-10 03:46:23.148: [INFO][SyncManagerImpl::NudgeForInitialDownload] Initial download nudge for Web Apps
2026-04-10 03:46:23.148: [INFO][SyncManagerImpl::NudgeForInitialDownload] Initial download nudge for History
2026-04-10 03:46:23.148: [INFO][SyncManagerImpl::NudgeForInitialDownload] Initial download nudge for Saved Tab Group
2026-04-10 03:46:23.148: [INFO][SyncManagerImpl::NudgeForInitialDownload] Initial download nudge for WebAuthn Credentials
2026-04-10 03:46:23.148: [INFO][SyncManagerImpl::NudgeForInitialDownload] Initial download nudge for Collection
2026-04-10 03:46:23.148: [INFO][SyncManagerImpl::NudgeForInitialDownload] Initial download nudge for Edge Hub App Usage
2026-04-10 03:46:23.148: [INFO][SyncManagerImpl::NudgeForInitialDownload] Initial download nudge for Edge Wallet
2026-04-10 03:46:23.148: [INFO][SyncManagerImpl::NudgeForInitialDownload] Initial download nudge for Edge Workspace
2026-04-10 03:46:23.148: [INFO][SyncManagerImpl::ConfigureSyncer] Types to download:  with reason: 4
2026-04-10 03:46:23.148: [INFO][SyncEngineBackend::DoFinishConfigureDataTypes] Failed to download types:  and succeeded types: 
2026-04-10 03:46:23.148: [INFO][Sync] ConfigurationDone, failed: , succeeded: , remaining count: 4
2026-04-10 03:46:23.148: [WARN][Sync]     Reconfigure requested while configuration ongoing.
2026-04-10 03:46:23.148: [INFO][Sync] Configuring for: Bookmarks, Preferences, Passwords, Autofill Profiles, Autofill, Extensions, Sessions, Extension settings, History Delete Directives, Device Info, User Consents, Send Tab To Self, Web Apps, History, Saved Tab Group, WebAuthn Credentials, Collection, Edge E Drop, Edge Hub App Usage, Edge Wallet, Edge Workspace, Encryption Keys, reason: 5, current state: 2
2026-04-10 03:46:23.148: [INFO][Sync] Configure, desired: Bookmarks, Preferences, Passwords, Autofill Profiles, Autofill, Extensions, Sessions, Extension settings, History Delete Directives, Device Info, User Consents, Send Tab To Self, Web Apps, History, Saved Tab Group, WebAuthn Credentials, Collection, Edge E Drop, Edge Hub App Usage, Edge Wallet, Edge Workspace, Encryption Keys; Allow fail: 
2026-04-10 03:46:23.148: [INFO][Sync] Loading: Passwords
2026-04-10 03:46:23.148: [INFO][Sync] Loading: Autofill Profiles
2026-04-10 03:46:23.148: [INFO][Sync] Loading: Autofill
2026-04-10 03:46:23.148: [INFO][Sync] All data types are ready for configure.
2026-04-10 03:46:23.148: [INFO][SyncManagerImpl::NudgeForInitialDownload] Initial download nudge for Passwords
2026-04-10 03:46:23.149: [INFO][SyncManagerImpl::NudgeForInitialDownload] Initial download nudge for Autofill Profiles
2026-04-10 03:46:23.149: [INFO][SyncManagerImpl::NudgeForInitialDownload] Initial download nudge for Autofill
2026-04-10 03:46:23.149: [INFO][SyncManagerImpl::ConfigureSyncer] Types to download:  with reason: 5
2026-04-10 03:46:23.149: [INFO][SyncEngineBackend::DoFinishConfigureDataTypes] Failed to download types:  and succeeded types: 
2026-04-10 03:46:23.149: [INFO][Sync] ConfigurationDone, failed: , succeeded: , remaining count: 4
2026-04-10 03:46:23.149: [INFO][Sync] Prepare to configure types: Passwords, Encryption Keys
2026-04-10 03:46:23.149: [INFO][SyncManagerImpl::ConfigureSyncer] Types to download: Passwords, Encryption Keys with reason: 5
2026-04-10 03:46:23.149: [INFO][SyncSchedulerImpl::DoConfigurationSyncCycleJob] Blocked types:  and types to download: Passwords, Encryption Keys
2026-04-10 03:46:24.049: [INFO][SyncEngineBackend::DoFinishConfigureDataTypes] Failed to download types:  and succeeded types: Passwords, Encryption Keys
2026-04-10 03:46:24.050: [INFO][Sync] ConfigurationDone, failed: , succeeded: Passwords, Encryption Keys, remaining count: 3
2026-04-10 03:46:24.050: [INFO][SyncManagerImpl::ConfigureSyncer] Types to download:  with reason: 5
2026-04-10 03:46:24.050: [INFO][SyncEngineBackend::DoFinishConfigureDataTypes] Failed to download types:  and succeeded types: 
2026-04-10 03:46:24.050: [INFO][Sync] ConfigurationDone, failed: , succeeded: , remaining count: 2
2026-04-10 03:46:24.051: [INFO][Sync] Prepare to configure types: Autofill Profiles, Autofill, Extensions, Sessions, Extension settings, History Delete Directives, Web Apps, Saved Tab Group, WebAuthn Credentials, Collection, Edge Hub App Usage, Edge Wallet, Edge Workspace, Encryption Keys
2026-04-10 03:46:24.051: [INFO][SyncManagerImpl::ConfigureSyncer] Types to download: Autofill Profiles, Autofill, Extensions, Sessions, Extension settings, History Delete Directives, Web Apps, Saved Tab Group, WebAuthn Credentials, Collection, Edge Hub App Usage, Edge Wallet, Edge Workspace, Encryption Keys with reason: 5
2026-04-10 03:46:24.051: [INFO][SyncSchedulerImpl::DoConfigurationSyncCycleJob] Blocked types:  and types to download: Autofill Profiles, Autofill, Extensions, Sessions, Extension settings, History Delete Directives, Web Apps, Saved Tab Group, WebAuthn Credentials, Collection, Edge Hub App Usage, Edge Wallet, Edge Workspace, Encryption Keys
2026-04-10 03:46:43.427: [INFO][SyncEngineBackend::DoFinishConfigureDataTypes] Failed to download types:  and succeeded types: Autofill Profiles, Autofill, Extensions, Sessions, Extension settings, History Delete Directives, Web Apps, Saved Tab Group, WebAuthn Credentials, Collection, Edge Hub App Usage, Edge Wallet, Edge Workspace, Encryption Keys
2026-04-10 03:46:43.429: [INFO][Sync] ConfigurationDone, failed: , succeeded: Autofill Profiles, Autofill, Extensions, Sessions, Extension settings, History Delete Directives, Web Apps, Saved Tab Group, WebAuthn Credentials, Collection, Edge Hub App Usage, Edge Wallet, Edge Workspace, Encryption Keys, remaining count: 1
2026-04-10 03:46:43.430: [INFO][Sync] Prepare to configure types: History, Encryption Keys
2026-04-10 03:46:43.430: [INFO][SyncManagerImpl::ConfigureSyncer] Types to download: History, Encryption Keys with reason: 5
2026-04-10 03:46:43.430: [INFO][SyncSchedulerImpl::DoConfigurationSyncCycleJob] Blocked types:  and types to download: History, Encryption Keys
2026-04-10 03:47:27.490: [INFO][SyncEngineBackend::DoFinishConfigureDataTypes] Failed to download types:  and succeeded types: History, Encryption Keys
2026-04-10 03:47:27.501: [INFO][Sync] ConfigurationDone, failed: , succeeded: History, Encryption Keys, remaining count: 0
2026-04-10 03:47:27.511: [INFO][Sync]     Configuration completed, state: 7
2026-04-10 03:47:27.511: [INFO][Sync] Configured DataTypeManager: Ok
2026-04-10 03:47:27.521: [INFO][SyncEngineBackend::DoStartSyncing] Start syncing
2026-04-10 03:47:36.893: [INFO][Commit::PostAndProcessResponse] Process Preferences: Protocol error (CONFLICT)
2026-04-10 03:47:36.894: [INFO][SyncSchedulerImpl::DoNudgeSyncCycleJob] Syncer error: Protocol error (CONFLICT)
2026-04-10 03:48:00.238: [INFO][Sync] Reset engine, reason: 0
2026-04-10 03:48:00.238: [INFO][Sync] Reset engine with reason: 0
2026-04-10 03:52:23.115: [INFO][Sync] Reset engine, reason: 8
2026-04-10 03:52:23.115: [INFO][Sync] Stopped: Bookmarks
2026-04-10 03:52:23.115: [INFO][Sync] Stopped: Preferences
2026-04-10 03:52:23.115: [INFO][Sync] Stopped: Passwords
2026-04-10 03:52:23.115: [INFO][Sync] Stopped: Autofill Profiles
2026-04-10 03:52:23.115: [INFO][Sync] Stopped: Autofill
2026-04-10 03:52:23.115: [INFO][Sync] Stopped: Extensions
2026-04-10 03:52:23.115: [INFO][Sync] Stopped: Sessions
2026-04-10 03:52:23.115: [INFO][Sync] Stopped: Extension settings
2026-04-10 03:52:23.115: [INFO][Sync] Stopped: History Delete Directives
2026-04-10 03:52:23.115: [INFO][Sync] Stopped: Device Info
2026-04-10 03:52:23.115: [INFO][Sync] Stopped: User Consents
2026-04-10 03:52:23.115: [INFO][Sync] Stopped: Send Tab To Self
2026-04-10 03:52:23.115: [INFO][Sync] Stopped: Web Apps
2026-04-10 03:52:23.115: [INFO][Sync] Stopped: History
2026-04-10 03:52:23.115: [INFO][Sync] Stopped: Saved Tab Group
2026-04-10 03:52:23.115: [INFO][Sync] Stopped: WebAuthn Credentials
2026-04-10 03:52:23.115: [INFO][Sync] Stopped: Collection
2026-04-10 03:52:23.115: [INFO][Sync] Stopped: Edge E Drop
2026-04-10 03:52:23.115: [INFO][Sync] Stopped: Edge Hub App Usage
2026-04-10 03:52:23.115: [INFO][Sync] Stopped: Edge Wallet
2026-04-10 03:52:23.115: [INFO][Sync] Stopped: Edge Workspace
2026-04-10 03:52:23.115: [INFO][Sync] SyncState after authenticated was: NotSignedIn
2026-04-10 03:52:23.244: [INFO][Sync] Reset engine, reason: 8
2026-04-10 03:52:23.244: [INFO][Sync] Stopped: Bookmarks
2026-04-10 03:52:23.244: [INFO][Sync] Stopped: Preferences
2026-04-10 03:52:23.244: [INFO][Sync] Stopped: Passwords
2026-04-10 03:52:23.244: [INFO][Sync] Stopped: Autofill Profiles
2026-04-10 03:52:23.244: [INFO][Sync] Stopped: Autofill
2026-04-10 03:52:23.244: [INFO][Sync] Stopped: Extensions
2026-04-10 03:52:23.244: [INFO][Sync] Stopped: Sessions
2026-04-10 03:52:23.244: [INFO][Sync] Stopped: Extension settings
2026-04-10 03:52:23.244: [INFO][Sync] Stopped: History Delete Directives
2026-04-10 03:52:23.244: [INFO][Sync] Stopped: Device Info
2026-04-10 03:52:23.244: [INFO][Sync] Stopped: User Consents
2026-04-10 03:52:23.244: [INFO][Sync] Stopped: Send Tab To Self
2026-04-10 03:52:23.244: [INFO][Sync] Stopped: Web Apps
2026-04-10 03:52:23.244: [INFO][Sync] Stopped: History
2026-04-10 03:52:23.244: [INFO][Sync] Stopped: Saved Tab Group
2026-04-10 03:52:23.244: [INFO][Sync] Stopped: WebAuthn Credentials
2026-04-10 03:52:23.244: [INFO][Sync] Stopped: Collection
2026-04-10 03:52:23.244: [INFO][Sync] Stopped: Edge E Drop
2026-04-10 03:52:23.244: [INFO][Sync] Stopped: Edge Hub App Usage
2026-04-10 03:52:23.244: [INFO][Sync] Stopped: Edge Wallet
2026-04-10 03:52:23.244: [INFO][Sync] Stopped: Edge Workspace
2026-04-10 03:52:24.897: [INFO][Sync] Try to start sync engine
2026-04-10 03:52:24.898: [INFO][SyncManagerImpl::NudgeForInitialDownload] Initial download nudge for Encryption Keys
2026-04-10 03:52:24.898: [INFO][SyncEngineBackend::LoadAndConnectNigoriController] Load and connect Nigori controller
2026-04-10 03:52:24.898: [INFO][SyncEngineBackend::DoInitialize] Control Types added: Encryption Keys
2026-04-10 03:52:24.898: [INFO][SyncManagerImpl::ConfigureSyncer] Types to download: Encryption Keys with reason: 3
2026-04-10 03:52:24.898: [INFO][SyncSchedulerImpl::DoConfigurationSyncCycleJob] Configure job was blocked
2026-04-10 03:52:24.987: [INFO][SyncAuthManager::SetLastAuthError] Current auth error: None
2026-04-10 03:52:24.987: [INFO][SyncAuthManager::EdgeLogTokenErrorState] Token error with: None for account type: MSA
2026-04-10 03:52:24.987: [INFO][Sync] Credentials changed for: EdgeSyncScopeNew
2026-04-10 03:52:25.402: [INFO][SyncAuthManager::SetLastAuthError] Current auth error: None
2026-04-10 03:52:25.402: [INFO][SyncAuthManager::EdgeLogTokenErrorState] Token error with: None for account type: MSA
2026-04-10 03:52:25.402: [INFO][Sync] Credentials changed for: EdgeSyncKeyDataScope
2026-04-10 03:52:25.402: [INFO][SyncEngineBackend::DoUpdateKeyDataCredentials] Update key data credentials
2026-04-10 03:52:25.402: [INFO][SyncEngineBackend::DoUpdateCredentials] Update credentials
2026-04-10 03:52:25.402: [INFO][SyncSchedulerImpl::DoConfigurationSyncCycleJob] Blocked types:  and types to download: Encryption Keys
2026-04-10 03:52:25.903: [INFO][Sync] Started DataTypeManager configuration, reason: 4
2026-04-10 03:52:25.903: [INFO][Sync] Configuring for: Bookmarks, Preferences, Passwords, Autofill Profiles, Autofill, Extensions, Sessions, Extension settings, History Delete Directives, Device Info, User Consents, Send Tab To Self, Web Apps, History, Saved Tab Group, WebAuthn Credentials, Collection, Edge E Drop, Edge Hub App Usage, Edge Wallet, Edge Workspace, Encryption Keys, reason: 4, current state: 0
2026-04-10 03:52:25.903: [WARN][Sync] Crypto error data types: Passwords, Autofill Profiles, Autofill
2026-04-10 03:52:25.916: [INFO][Sync] Configure, desired: Bookmarks, Preferences, Extensions, Sessions, Extension settings, History Delete Directives, Device Info, User Consents, Send Tab To Self, Web Apps, History, Saved Tab Group, WebAuthn Credentials, Collection, Edge E Drop, Edge Hub App Usage, Edge Wallet, Edge Workspace, Encryption Keys; Allow fail: Passwords, Autofill Profiles, Autofill
2026-04-10 03:52:25.916: [INFO][Sync] Loading: Bookmarks
2026-04-10 03:52:25.916: [INFO][Sync] Loading: Preferences
2026-04-10 03:52:25.916: [INFO][Sync] Loading: Extensions
2026-04-10 03:52:25.916: [INFO][Sync] Loading: Sessions
2026-04-10 03:52:25.916: [INFO][Sync] Loading: Extension settings
2026-04-10 03:52:25.916: [INFO][Sync] Loading: History Delete Directives
2026-04-10 03:52:25.916: [INFO][Sync] Loading: Device Info
2026-04-10 03:52:25.916: [INFO][Sync] Loading: User Consents
2026-04-10 03:52:25.916: [INFO][Sync] Loading: Send Tab To Self
2026-04-10 03:52:25.916: [INFO][Sync] Loading: Web Apps
2026-04-10 03:52:25.916: [INFO][Sync] Loading: History
2026-04-10 03:52:25.916: [INFO][Sync] Loading: Saved Tab Group
2026-04-10 03:52:25.916: [INFO][Sync] Loading: WebAuthn Credentials
2026-04-10 03:52:25.916: [INFO][Sync] Loading: Collection
2026-04-10 03:52:25.916: [INFO][Sync] Loading: Edge E Drop
2026-04-10 03:52:25.916: [INFO][Sync] Loading: Edge Hub App Usage
2026-04-10 03:52:25.916: [INFO][Sync] Loading: Edge Wallet
2026-04-10 03:52:25.916: [INFO][Sync] Loading: Edge Workspace
2026-04-10 03:52:25.932: [INFO][Sync] All data types are ready for configure.
2026-04-10 03:52:26.535: [INFO][SyncEngineBackend::DoStartConfiguration] Start configuration
2026-04-10 03:52:26.535: [INFO][SyncManagerImpl::NudgeForInitialDownload] Initial download nudge for Bookmarks
2026-04-10 03:52:26.535: [INFO][SyncManagerImpl::NudgeForInitialDownload] Initial download nudge for Preferences
2026-04-10 03:52:26.535: [INFO][SyncManagerImpl::NudgeForInitialDownload] Initial download nudge for Extensions
2026-04-10 03:52:26.535: [INFO][SyncManagerImpl::NudgeForInitialDownload] Initial download nudge for Sessions
2026-04-10 03:52:26.535: [INFO][SyncManagerImpl::NudgeForInitialDownload] Initial download nudge for Extension settings
2026-04-10 03:52:26.535: [INFO][SyncManagerImpl::NudgeForInitialDownload] Initial download nudge for History Delete Directives
2026-04-10 03:52:26.535: [INFO][SyncManagerImpl::NudgeForInitialDownload] Initial download nudge for Device Info
2026-04-10 03:52:26.535: [INFO][SyncManagerImpl::NudgeForInitialDownload] Initial download nudge for Send Tab To Self
2026-04-10 03:52:26.535: [INFO][SyncManagerImpl::NudgeForInitialDownload] Initial download nudge for Web Apps
2026-04-10 03:52:26.535: [INFO][SyncManagerImpl::NudgeForInitialDownload] Initial download nudge for History
2026-04-10 03:52:26.535: [INFO][SyncManagerImpl::NudgeForInitialDownload] Initial download nudge for Saved Tab Group
2026-04-10 03:52:26.535: [INFO][SyncManagerImpl::NudgeForInitialDownload] Initial download nudge for WebAuthn Credentials
2026-04-10 03:52:26.535: [INFO][SyncManagerImpl::NudgeForInitialDownload] Initial download nudge for Collection
2026-04-10 03:52:26.535: [INFO][SyncManagerImpl::NudgeForInitialDownload] Initial download nudge for Edge E Drop
2026-04-10 03:52:26.535: [INFO][SyncManagerImpl::NudgeForInitialDownload] Initial download nudge for Edge Hub App Usage
2026-04-10 03:52:26.535: [INFO][SyncManagerImpl::NudgeForInitialDownload] Initial download nudge for Edge Wallet
2026-04-10 03:52:26.535: [INFO][SyncManagerImpl::NudgeForInitialDownload] Initial download nudge for Edge Workspace
2026-04-10 03:52:26.535: [INFO][SyncManagerImpl::ConfigureSyncer] Types to download:  with reason: 4
2026-04-10 03:52:26.535: [INFO][SyncEngineBackend::DoFinishConfigureDataTypes] Failed to download types:  and succeeded types: 
2026-04-10 03:52:26.538: [INFO][Sync] Started DataTypeManager configuration, reason: 5
2026-04-10 03:52:26.538: [INFO][Sync] Configuring for: Bookmarks, Preferences, Passwords, Autofill Profiles, Autofill, Extensions, Sessions, Extension settings, History Delete Directives, Device Info, User Consents, Send Tab To Self, Web Apps, History, Saved Tab Group, WebAuthn Credentials, Collection, Edge E Drop, Edge Hub App Usage, Edge Wallet, Edge Workspace, Encryption Keys, reason: 5, current state: 1
2026-04-10 03:52:26.549: [INFO][Sync] ConfigurationDone, failed: , succeeded: , remaining count: 4
2026-04-10 03:52:26.549: [WARN][Sync]     Reconfigure requested while configuration ongoing.
2026-04-10 03:52:26.549: [INFO][Sync] Configuring for: Bookmarks, Preferences, Passwords, Autofill Profiles, Autofill, Extensions, Sessions, Extension settings, History Delete Directives, Device Info, User Consents, Send Tab To Self, Web Apps, History, Saved Tab Group, WebAuthn Credentials, Collection, Edge E Drop, Edge Hub App Usage, Edge Wallet, Edge Workspace, Encryption Keys, reason: 5, current state: 2
2026-04-10 03:52:26.549: [INFO][Sync] Configure, desired: Bookmarks, Preferences, Passwords, Autofill Profiles, Autofill, Extensions, Sessions, Extension settings, History Delete Directives, Device Info, User Consents, Send Tab To Self, Web Apps, History, Saved Tab Group, WebAuthn Credentials, Collection, Edge E Drop, Edge Hub App Usage, Edge Wallet, Edge Workspace, Encryption Keys; Allow fail: 
2026-04-10 03:52:26.549: [INFO][Sync] Loading: Passwords
2026-04-10 03:52:26.549: [INFO][Sync] Loading: Autofill Profiles
2026-04-10 03:52:26.549: [INFO][Sync] Loading: Autofill
2026-04-10 03:52:26.552: [INFO][Sync] All data types are ready for configure.
2026-04-10 03:52:26.552: [INFO][SyncManagerImpl::NudgeForInitialDownload] Initial download nudge for Passwords
2026-04-10 03:52:26.552: [INFO][SyncManagerImpl::NudgeForInitialDownload] Initial download nudge for Autofill Profiles
2026-04-10 03:52:26.552: [INFO][SyncManagerImpl::NudgeForInitialDownload] Initial download nudge for Autofill
2026-04-10 03:52:26.552: [INFO][SyncManagerImpl::ConfigureSyncer] Types to download:  with reason: 5
2026-04-10 03:52:26.552: [INFO][SyncEngineBackend::DoFinishConfigureDataTypes] Failed to download types:  and succeeded types: 
2026-04-10 03:52:26.552: [INFO][Sync] ConfigurationDone, failed: , succeeded: , remaining count: 4
2026-04-10 03:52:26.552: [INFO][Sync] Prepare to configure types: Preferences, Passwords, Device Info, Send Tab To Self, Edge E Drop, Encryption Keys
2026-04-10 03:52:26.552: [INFO][SyncManagerImpl::ConfigureSyncer] Types to download: Preferences, Passwords, Device Info, Send Tab To Self, Edge E Drop, Encryption Keys with reason: 5
2026-04-10 03:52:26.552: [INFO][SyncSchedulerImpl::DoConfigurationSyncCycleJob] Blocked types:  and types to download: Preferences, Passwords, Device Info, Send Tab To Self, Edge E Drop, Encryption Keys
2026-04-10 03:52:27.319: [INFO][SyncEngineBackend::DoFinishConfigureDataTypes] Failed to download types:  and succeeded types: Preferences, Passwords, Device Info, Send Tab To Self, Edge E Drop, Encryption Keys
2026-04-10 03:52:27.331: [INFO][Sync] ConfigurationDone, failed: , succeeded: Preferences, Passwords, Device Info, Send Tab To Self, Edge E Drop, Encryption Keys, remaining count: 3
2026-04-10 03:52:27.331: [INFO][Sync] Prepare to configure types: Bookmarks, Encryption Keys
2026-04-10 03:52:27.331: [INFO][SyncManagerImpl::ConfigureSyncer] Types to download: Bookmarks, Encryption Keys with reason: 5
2026-04-10 03:52:27.331: [INFO][SyncSchedulerImpl::DoConfigurationSyncCycleJob] Blocked types:  and types to download: Bookmarks, Encryption Keys
2026-04-10 03:52:27.987: [INFO][SyncEngineBackend::DoFinishConfigureDataTypes] Failed to download types:  and succeeded types: Bookmarks, Encryption Keys
2026-04-10 03:52:28.002: [INFO][Sync] ConfigurationDone, failed: , succeeded: Bookmarks, Encryption Keys, remaining count: 2
2026-04-10 03:52:28.002: [INFO][Sync] Prepare to configure types: Autofill Profiles, Autofill, Extensions, Sessions, Extension settings, History Delete Directives, Web Apps, Saved Tab Group, WebAuthn Credentials, Collection, Edge Hub App Usage, Edge Wallet, Edge Workspace, Encryption Keys
2026-04-10 03:52:28.002: [INFO][SyncManagerImpl::ConfigureSyncer] Types to download: Autofill Profiles, Autofill, Extensions, Sessions, Extension settings, History Delete Directives, Web Apps, Saved Tab Group, WebAuthn Credentials, Collection, Edge Hub App Usage, Edge Wallet, Edge Workspace, Encryption Keys with reason: 5
2026-04-10 03:52:28.002: [INFO][SyncSchedulerImpl::DoConfigurationSyncCycleJob] Blocked types:  and types to download: Autofill Profiles, Autofill, Extensions, Sessions, Extension settings, History Delete Directives, Web Apps, Saved Tab Group, WebAuthn Credentials, Collection, Edge Hub App Usage, Edge Wallet, Edge Workspace, Encryption Keys
2026-04-10 03:52:47.002: [INFO][SyncEngineBackend::DoFinishConfigureDataTypes] Failed to download types:  and succeeded types: Autofill Profiles, Autofill, Extensions, Sessions, Extension settings, History Delete Directives, Web Apps, Saved Tab Group, WebAuthn Credentials, Collection, Edge Hub App Usage, Edge Wallet, Edge Workspace, Encryption Keys
2026-04-10 03:52:47.014: [INFO][Sync] ConfigurationDone, failed: , succeeded: Autofill Profiles, Autofill, Extensions, Sessions, Extension settings, History Delete Directives, Web Apps, Saved Tab Group, WebAuthn Credentials, Collection, Edge Hub App Usage, Edge Wallet, Edge Workspace, Encryption Keys, remaining count: 1
2026-04-10 03:52:47.025: [INFO][Sync] Prepare to configure types: History, Encryption Keys
2026-04-10 03:52:47.025: [INFO][SyncManagerImpl::ConfigureSyncer] Types to download: History, Encryption Keys with reason: 5
2026-04-10 03:52:47.025: [INFO][SyncSchedulerImpl::DoConfigurationSyncCycleJob] Blocked types:  and types to download: History, Encryption Keys
2026-04-10 03:53:27.076: [INFO][SyncEngineBackend::DoFinishConfigureDataTypes] Failed to download types:  and succeeded types: History, Encryption Keys
2026-04-10 03:53:27.091: [INFO][Sync] ConfigurationDone, failed: , succeeded: History, Encryption Keys, remaining count: 0
2026-04-10 03:53:27.104: [INFO][Sync]     Configuration completed, state: 7
2026-04-10 03:53:27.105: [INFO][Sync] Configured DataTypeManager: Ok
2026-04-10 03:53:27.119: [INFO][SyncEngineBackend::DoStartSyncing] Start syncing
2026-04-10 03:54:35.864: [INFO][Sync] Reset engine, reason: 0
2026-04-10 03:54:35.864: [INFO][Sync] Reset engine with reason: 0
2026-04-10 03:55:17.521: [INFO][Sync] SyncState after authenticated was: FeatureCanStart
2026-04-10 03:55:17.726: [INFO][SyncAuthManager::SetLastAuthError] Current auth error: None
2026-04-10 03:55:17.726: [INFO][SyncAuthManager::EdgeLogTokenErrorState] Token error with: None for account type: MSA
2026-04-10 03:55:17.726: [INFO][Sync] Credentials changed for: EdgeSyncKeyDataScope
2026-04-10 03:55:24.595: [INFO][Sync] Try to start sync engine
2026-04-10 03:55:24.622: [INFO][SyncManagerImpl::NudgeForInitialDownload] Initial download nudge for Encryption Keys
2026-04-10 03:55:24.622: [INFO][SyncEngineBackend::LoadAndConnectNigoriController] Load and connect Nigori controller
2026-04-10 03:55:24.622: [INFO][SyncEngineBackend::DoInitialize] Control Types added: Encryption Keys
2026-04-10 03:55:24.622: [INFO][SyncManagerImpl::ConfigureSyncer] Types to download: Encryption Keys with reason: 3
2026-04-10 03:55:24.622: [INFO][SyncEngineBackend::DoUpdateKeyDataCredentials] Update key data credentials
2026-04-10 03:55:24.622: [INFO][SyncSchedulerImpl::DoConfigurationSyncCycleJob] Configure job was blocked
2026-04-10 03:55:24.625: [INFO][SyncAuthManager::SetLastAuthError] Current auth error: None
2026-04-10 03:55:24.625: [INFO][SyncAuthManager::EdgeLogTokenErrorState] Token error with: None for account type: MSA
2026-04-10 03:55:24.625: [INFO][Sync] Credentials changed for: EdgeSyncScopeNew
2026-04-10 03:55:24.625: [INFO][SyncEngineBackend::DoUpdateCredentials] Update credentials
2026-04-10 03:55:24.625: [INFO][SyncSchedulerImpl::DoConfigurationSyncCycleJob] Blocked types:  and types to download: Encryption Keys
2026-04-10 03:55:25.041: [INFO][SyncEngineBackend::DoUpdateKeyDataCredentials] Update key data credentials
2026-04-10 03:55:25.097: [INFO][Sync] Started DataTypeManager configuration, reason: 4
2026-04-10 03:55:25.097: [INFO][Sync] Configuring for: Bookmarks, Preferences, Passwords, Autofill Profiles, Autofill, Extensions, Sessions, Extension settings, History Delete Directives, Device Info, User Consents, Send Tab To Self, Web Apps, History, Saved Tab Group, WebAuthn Credentials, Collection, Edge E Drop, Edge Hub App Usage, Edge Wallet, Edge Workspace, Encryption Keys, reason: 4, current state: 0
2026-04-10 03:55:25.097: [WARN][Sync] Crypto error data types: Passwords, Autofill Profiles, Autofill
2026-04-10 03:55:25.107: [INFO][Sync] Configure, desired: Bookmarks, Preferences, Extensions, Sessions, Extension settings, History Delete Directives, Device Info, User Consents, Send Tab To Self, Web Apps, History, Saved Tab Group, WebAuthn Credentials, Collection, Edge E Drop, Edge Hub App Usage, Edge Wallet, Edge Workspace, Encryption Keys; Allow fail: Passwords, Autofill Profiles, Autofill
2026-04-10 03:55:25.107: [INFO][Sync] Loading: Bookmarks
2026-04-10 03:55:25.107: [INFO][Sync] Loading: Preferences
2026-04-10 03:55:25.107: [INFO][Sync] Loading: Extensions
2026-04-10 03:55:25.107: [INFO][Sync] Loading: Sessions
2026-04-10 03:55:25.107: [INFO][Sync] Loading: Extension settings
2026-04-10 03:55:25.107: [INFO][Sync] Loading: History Delete Directives
2026-04-10 03:55:25.107: [INFO][Sync] Loading: Device Info
2026-04-10 03:55:25.107: [INFO][Sync] Loading: User Consents
2026-04-10 03:55:25.107: [INFO][Sync] Loading: Send Tab To Self
2026-04-10 03:55:25.107: [INFO][Sync] Loading: Web Apps
2026-04-10 03:55:25.107: [INFO][Sync] Loading: History
2026-04-10 03:55:25.107: [INFO][Sync] Loading: Saved Tab Group
2026-04-10 03:55:25.107: [INFO][Sync] Loading: WebAuthn Credentials
2026-04-10 03:55:25.107: [INFO][Sync] Loading: Collection
2026-04-10 03:55:25.107: [INFO][Sync] Loading: Edge E Drop
2026-04-10 03:55:25.107: [INFO][Sync] Loading: Edge Hub App Usage
2026-04-10 03:55:25.107: [INFO][Sync] Loading: Edge Wallet
2026-04-10 03:55:25.107: [INFO][Sync] Loading: Edge Workspace
2026-04-10 03:55:25.121: [INFO][Sync] All data types are ready for configure.
2026-04-10 03:55:25.546: [INFO][SyncEngineBackend::DoStartConfiguration] Start configuration
2026-04-10 03:55:25.547: [INFO][SyncManagerImpl::ConfigureSyncer] Types to download:  with reason: 4
2026-04-10 03:55:25.547: [INFO][SyncEngineBackend::DoFinishConfigureDataTypes] Failed to download types:  and succeeded types: 
2026-04-10 03:55:25.549: [INFO][Sync] Started DataTypeManager configuration, reason: 5
2026-04-10 03:55:25.549: [INFO][Sync] Configuring for: Bookmarks, Preferences, Passwords, Autofill Profiles, Autofill, Extensions, Sessions, Extension settings, History Delete Directives, Device Info, User Consents, Send Tab To Self, Web Apps, History, Saved Tab Group, WebAuthn Credentials, Collection, Edge E Drop, Edge Hub App Usage, Edge Wallet, Edge Workspace, Encryption Keys, reason: 5, current state: 1
2026-04-10 03:55:25.558: [INFO][Sync] ConfigurationDone, failed: , succeeded: , remaining count: 4
2026-04-10 03:55:25.558: [WARN][Sync]     Reconfigure requested while configuration ongoing.
2026-04-10 03:55:25.558: [INFO][Sync] Configuring for: Bookmarks, Preferences, Passwords, Autofill Profiles, Autofill, Extensions, Sessions, Extension settings, History Delete Directives, Device Info, User Consents, Send Tab To Self, Web Apps, History, Saved Tab Group, WebAuthn Credentials, Collection, Edge E Drop, Edge Hub App Usage, Edge Wallet, Edge Workspace, Encryption Keys, reason: 5, current state: 2
2026-04-10 03:55:25.558: [INFO][Sync] Configure, desired: Bookmarks, Preferences, Passwords, Autofill Profiles, Autofill, Extensions, Sessions, Extension settings, History Delete Directives, Device Info, User Consents, Send Tab To Self, Web Apps, History, Saved Tab Group, WebAuthn Credentials, Collection, Edge E Drop, Edge Hub App Usage, Edge Wallet, Edge Workspace, Encryption Keys; Allow fail: 
2026-04-10 03:55:25.558: [INFO][Sync] Loading: Passwords
2026-04-10 03:55:25.558: [INFO][Sync] Loading: Autofill Profiles
2026-04-10 03:55:25.558: [INFO][Sync] Loading: Autofill
2026-04-10 03:55:25.558: [INFO][Sync] All data types are ready for configure.
2026-04-10 03:55:25.558: [INFO][SyncManagerImpl::NudgeForInitialDownload] Initial download nudge for Passwords
2026-04-10 03:55:25.558: [INFO][SyncManagerImpl::ConfigureSyncer] Types to download:  with reason: 5
2026-04-10 03:55:25.558: [INFO][SyncEngineBackend::DoFinishConfigureDataTypes] Failed to download types:  and succeeded types: 
2026-04-10 03:55:25.562: [INFO][Sync] ConfigurationDone, failed: , succeeded: , remaining count: 4
2026-04-10 03:55:25.562: [INFO][Sync] Prepare to configure types: Passwords, Encryption Keys
2026-04-10 03:55:25.562: [INFO][SyncManagerImpl::ConfigureSyncer] Types to download: Passwords, Encryption Keys with reason: 5
2026-04-10 03:55:25.562: [INFO][SyncSchedulerImpl::DoConfigurationSyncCycleJob] Blocked types:  and types to download: Passwords, Encryption Keys
2026-04-10 03:55:26.228: [INFO][SyncEngineBackend::DoFinishConfigureDataTypes] Failed to download types:  and succeeded types: Passwords, Encryption Keys
2026-04-10 03:55:26.238: [INFO][Sync] ConfigurationDone, failed: , succeeded: Passwords, Encryption Keys, remaining count: 3
2026-04-10 03:55:26.238: [INFO][SyncManagerImpl::ConfigureSyncer] Types to download:  with reason: 5
2026-04-10 03:55:26.238: [INFO][SyncEngineBackend::DoFinishConfigureDataTypes] Failed to download types:  and succeeded types: 
2026-04-10 03:55:26.238: [INFO][Sync] ConfigurationDone, failed: , succeeded: , remaining count: 2
2026-04-10 03:55:26.238: [INFO][SyncManagerImpl::ConfigureSyncer] Types to download:  with reason: 5
2026-04-10 03:55:26.238: [INFO][SyncEngineBackend::DoFinishConfigureDataTypes] Failed to download types:  and succeeded types: 
2026-04-10 03:55:26.238: [INFO][Sync] ConfigurationDone, failed: , succeeded: , remaining count: 1
2026-04-10 03:55:26.250: [INFO][SyncManagerImpl::ConfigureSyncer] Types to download:  with reason: 5
2026-04-10 03:55:26.250: [INFO][SyncEngineBackend::DoFinishConfigureDataTypes] Failed to download types:  and succeeded types: 
2026-04-10 03:55:26.253: [INFO][Sync] ConfigurationDone, failed: , succeeded: , remaining count: 0
2026-04-10 03:55:26.265: [INFO][Sync]     Configuration completed, state: 7
2026-04-10 03:55:26.265: [INFO][Sync] Configured DataTypeManager: Ok
2026-04-10 03:55:26.276: [INFO][SyncEngineBackend::DoStartSyncing] Start syncing
2026-04-10 03:55:47.106: [INFO][Sync] Reset engine, reason: 0
2026-04-10 03:55:47.106: [INFO][Sync] Reset engine with reason: 0
2026-04-10 04:05:18.574: [INFO][Sync] Reset engine, reason: 8
2026-04-10 04:05:18.574: [INFO][Sync] Stopped: Bookmarks
2026-04-10 04:05:18.574: [INFO][Sync] Stopped: Preferences
2026-04-10 04:05:18.574: [INFO][Sync] Stopped: Passwords
2026-04-10 04:05:18.574: [INFO][Sync] Stopped: Autofill Profiles
2026-04-10 04:05:18.574: [INFO][Sync] Stopped: Autofill
2026-04-10 04:05:18.574: [INFO][Sync] Stopped: Extensions
2026-04-10 04:05:18.574: [INFO][Sync] Stopped: Sessions
2026-04-10 04:05:18.574: [INFO][Sync] Stopped: Extension settings
2026-04-10 04:05:18.574: [INFO][Sync] Stopped: History Delete Directives
2026-04-10 04:05:18.574: [INFO][Sync] Stopped: Device Info
2026-04-10 04:05:18.574: [INFO][Sync] Stopped: User Consents
2026-04-10 04:05:18.574: [INFO][Sync] Stopped: Send Tab To Self
2026-04-10 04:05:18.574: [INFO][Sync] Stopped: Web Apps
2026-04-10 04:05:18.574: [INFO][Sync] Stopped: History
2026-04-10 04:05:18.574: [INFO][Sync] Stopped: Saved Tab Group
2026-04-10 04:05:18.574: [INFO][Sync] Stopped: WebAuthn Credentials
2026-04-10 04:05:18.574: [INFO][Sync] Stopped: Collection
2026-04-10 04:05:18.574: [INFO][Sync] Stopped: Edge E Drop
2026-04-10 04:05:18.574: [INFO][Sync] Stopped: Edge Hub App Usage
2026-04-10 04:05:18.574: [INFO][Sync] Stopped: Edge Wallet
2026-04-10 04:05:18.574: [INFO][Sync] Stopped: Edge Workspace
2026-04-10 04:05:18.574: [INFO][Sync] SyncState after authenticated was: NotSignedIn
2026-04-10 04:05:18.708: [INFO][Sync] Reset engine, reason: 8
2026-04-10 04:05:18.708: [INFO][Sync] Stopped: Bookmarks
2026-04-10 04:05:18.708: [INFO][Sync] Stopped: Preferences
2026-04-10 04:05:18.708: [INFO][Sync] Stopped: Passwords
2026-04-10 04:05:18.708: [INFO][Sync] Stopped: Autofill Profiles
2026-04-10 04:05:18.708: [INFO][Sync] Stopped: Autofill
2026-04-10 04:05:18.708: [INFO][Sync] Stopped: Extensions
2026-04-10 04:05:18.708: [INFO][Sync] Stopped: Sessions
2026-04-10 04:05:18.708: [INFO][Sync] Stopped: Extension settings
2026-04-10 04:05:18.708: [INFO][Sync] Stopped: History Delete Directives
2026-04-10 04:05:18.708: [INFO][Sync] Stopped: Device Info
2026-04-10 04:05:18.708: [INFO][Sync] Stopped: User Consents
2026-04-10 04:05:18.708: [INFO][Sync] Stopped: Send Tab To Self
2026-04-10 04:05:18.708: [INFO][Sync] Stopped: Web Apps
2026-04-10 04:05:18.708: [INFO][Sync] Stopped: History
2026-04-10 04:05:18.708: [INFO][Sync] Stopped: Saved Tab Group
2026-04-10 04:05:18.708: [INFO][Sync] Stopped: WebAuthn Credentials
2026-04-10 04:05:18.708: [INFO][Sync] Stopped: Collection
2026-04-10 04:05:18.708: [INFO][Sync] Stopped: Edge E Drop
2026-04-10 04:05:18.708: [INFO][Sync] Stopped: Edge Hub App Usage
2026-04-10 04:05:18.708: [INFO][Sync] Stopped: Edge Wallet
2026-04-10 04:05:18.708: [INFO][Sync] Stopped: Edge Workspace
2026-04-10 04:05:20.095: [INFO][Sync] Try to start sync engine
2026-04-10 04:05:20.096: [INFO][SyncManagerImpl::NudgeForInitialDownload] Initial download nudge for Encryption Keys
2026-04-10 04:05:20.096: [INFO][SyncEngineBackend::LoadAndConnectNigoriController] Load and connect Nigori controller
2026-04-10 04:05:20.096: [INFO][SyncEngineBackend::DoInitialize] Control Types added: Encryption Keys
2026-04-10 04:05:20.096: [INFO][SyncManagerImpl::ConfigureSyncer] Types to download: Encryption Keys with reason: 3
2026-04-10 04:05:20.096: [INFO][SyncSchedulerImpl::DoConfigurationSyncCycleJob] Configure job was blocked
2026-04-10 04:05:20.179: [INFO][SyncAuthManager::SetLastAuthError] Current auth error: None
2026-04-10 04:05:20.179: [INFO][SyncAuthManager::EdgeLogTokenErrorState] Token error with: None for account type: MSA
2026-04-10 04:05:20.179: [INFO][Sync] Credentials changed for: EdgeSyncScopeNew
2026-04-10 04:05:20.623: [INFO][SyncAuthManager::SetLastAuthError] Current auth error: None
2026-04-10 04:05:20.623: [INFO][SyncAuthManager::EdgeLogTokenErrorState] Token error with: None for account type: MSA
2026-04-10 04:05:20.623: [INFO][Sync] Credentials changed for: EdgeSyncKeyDataScope
2026-04-10 04:05:20.623: [INFO][SyncEngineBackend::DoUpdateKeyDataCredentials] Update key data credentials
2026-04-10 04:05:20.623: [INFO][SyncEngineBackend::DoUpdateCredentials] Update credentials
2026-04-10 04:05:20.623: [INFO][SyncSchedulerImpl::DoConfigurationSyncCycleJob] Blocked types:  and types to download: Encryption Keys
2026-04-10 04:05:21.340: [INFO][Sync] Started DataTypeManager configuration, reason: 4
2026-04-10 04:05:21.340: [INFO][Sync] Configuring for: Bookmarks, Preferences, Passwords, Autofill Profiles, Autofill, Extensions, Sessions, Extension settings, History Delete Directives, Device Info, User Consents, Send Tab To Self, Web Apps, History, Saved Tab Group, WebAuthn Credentials, Collection, Edge E Drop, Edge Hub App Usage, Edge Wallet, Edge Workspace, Encryption Keys, reason: 4, current state: 0
2026-04-10 04:05:21.340: [WARN][Sync] Crypto error data types: Passwords, Autofill Profiles, Autofill
2026-04-10 04:05:21.352: [INFO][Sync] Configure, desired: Bookmarks, Preferences, Extensions, Sessions, Extension settings, History Delete Directives, Device Info, User Consents, Send Tab To Self, Web Apps, History, Saved Tab Group, WebAuthn Credentials, Collection, Edge E Drop, Edge Hub App Usage, Edge Wallet, Edge Workspace, Encryption Keys; Allow fail: Passwords, Autofill Profiles, Autofill
2026-04-10 04:05:21.352: [INFO][Sync] Loading: Bookmarks
2026-04-10 04:05:21.352: [INFO][Sync] Loading: Preferences
2026-04-10 04:05:21.352: [INFO][Sync] Loading: Extensions
2026-04-10 04:05:21.352: [INFO][Sync] Loading: Sessions
2026-04-10 04:05:21.352: [INFO][Sync] Loading: Extension settings
2026-04-10 04:05:21.352: [INFO][Sync] Loading: History Delete Directives
2026-04-10 04:05:21.352: [INFO][Sync] Loading: Device Info
2026-04-10 04:05:21.352: [INFO][Sync] Loading: User Consents
2026-04-10 04:05:21.352: [INFO][Sync] Loading: Send Tab To Self
2026-04-10 04:05:21.352: [INFO][Sync] Loading: Web Apps
2026-04-10 04:05:21.352: [INFO][Sync] Loading: History
2026-04-10 04:05:21.352: [INFO][Sync] Loading: Saved Tab Group
2026-04-10 04:05:21.352: [INFO][Sync] Loading: WebAuthn Credentials
2026-04-10 04:05:21.352: [INFO][Sync] Loading: Collection
2026-04-10 04:05:21.352: [INFO][Sync] Loading: Edge E Drop
2026-04-10 04:05:21.352: [INFO][Sync] Loading: Edge Hub App Usage
2026-04-10 04:05:21.352: [INFO][Sync] Loading: Edge Wallet
2026-04-10 04:05:21.352: [INFO][Sync] Loading: Edge Workspace
2026-04-10 04:05:21.374: [INFO][Sync] All data types are ready for configure.
2026-04-10 04:05:21.779: [INFO][SyncEngineBackend::DoStartConfiguration] Start configuration
2026-04-10 04:05:21.779: [INFO][SyncManagerImpl::NudgeForInitialDownload] Initial download nudge for Bookmarks
2026-04-10 04:05:21.779: [INFO][SyncManagerImpl::NudgeForInitialDownload] Initial download nudge for Preferences
2026-04-10 04:05:21.779: [INFO][SyncManagerImpl::NudgeForInitialDownload] Initial download nudge for Extensions
2026-04-10 04:05:21.779: [INFO][SyncManagerImpl::NudgeForInitialDownload] Initial download nudge for Sessions
2026-04-10 04:05:21.779: [INFO][SyncManagerImpl::NudgeForInitialDownload] Initial download nudge for Extension settings
2026-04-10 04:05:21.779: [INFO][SyncManagerImpl::NudgeForInitialDownload] Initial download nudge for History Delete Directives
2026-04-10 04:05:21.779: [INFO][SyncManagerImpl::NudgeForInitialDownload] Initial download nudge for Device Info
2026-04-10 04:05:21.779: [INFO][SyncManagerImpl::NudgeForInitialDownload] Initial download nudge for Send Tab To Self
2026-04-10 04:05:21.779: [INFO][SyncManagerImpl::NudgeForInitialDownload] Initial download nudge for Web Apps
2026-04-10 04:05:21.779: [INFO][SyncManagerImpl::NudgeForInitialDownload] Initial download nudge for History
2026-04-10 04:05:21.779: [INFO][SyncManagerImpl::NudgeForInitialDownload] Initial download nudge for Saved Tab Group
2026-04-10 04:05:21.779: [INFO][SyncManagerImpl::NudgeForInitialDownload] Initial download nudge for WebAuthn Credentials
2026-04-10 04:05:21.779: [INFO][SyncManagerImpl::NudgeForInitialDownload] Initial download nudge for Collection
2026-04-10 04:05:21.779: [INFO][SyncManagerImpl::NudgeForInitialDownload] Initial download nudge for Edge E Drop
2026-04-10 04:05:21.779: [INFO][SyncManagerImpl::NudgeForInitialDownload] Initial download nudge for Edge Hub App Usage
2026-04-10 04:05:21.779: [INFO][Sync] Started DataTypeManager configuration, reason: 5
2026-04-10 04:05:21.779: [INFO][SyncManagerImpl::NudgeForInitialDownload] Initial download nudge for Edge Wallet
2026-04-10 04:05:21.779: [INFO][SyncManagerImpl::NudgeForInitialDownload] Initial download nudge for Edge Workspace
2026-04-10 04:05:21.779: [INFO][SyncManagerImpl::ConfigureSyncer] Types to download:  with reason: 4
2026-04-10 04:05:21.779: [INFO][SyncEngineBackend::DoFinishConfigureDataTypes] Failed to download types:  and succeeded types: 
2026-04-10 04:05:21.779: [INFO][Sync] Configuring for: Bookmarks, Preferences, Passwords, Autofill Profiles, Autofill, Extensions, Sessions, Extension settings, History Delete Directives, Device Info, User Consents, Send Tab To Self, Web Apps, History, Saved Tab Group, WebAuthn Credentials, Collection, Edge E Drop, Edge Hub App Usage, Edge Wallet, Edge Workspace, Encryption Keys, reason: 5, current state: 1
2026-04-10 04:05:21.792: [INFO][Sync] ConfigurationDone, failed: , succeeded: , remaining count: 4
2026-04-10 04:05:21.792: [WARN][Sync]     Reconfigure requested while configuration ongoing.
2026-04-10 04:05:21.792: [INFO][Sync] Configuring for: Bookmarks, Preferences, Passwords, Autofill Profiles, Autofill, Extensions, Sessions, Extension settings, History Delete Directives, Device Info, User Consents, Send Tab To Self, Web Apps, History, Saved Tab Group, WebAuthn Credentials, Collection, Edge E Drop, Edge Hub App Usage, Edge Wallet, Edge Workspace, Encryption Keys, reason: 5, current state: 2
2026-04-10 04:05:21.792: [INFO][Sync] Configure, desired: Bookmarks, Preferences, Passwords, Autofill Profiles, Autofill, Extensions, Sessions, Extension settings, History Delete Directives, Device Info, User Consents, Send Tab To Self, Web Apps, History, Saved Tab Group, WebAuthn Credentials, Collection, Edge E Drop, Edge Hub App Usage, Edge Wallet, Edge Workspace, Encryption Keys; Allow fail: 
2026-04-10 04:05:21.792: [INFO][Sync] Loading: Passwords
2026-04-10 04:05:21.792: [INFO][Sync] Loading: Autofill Profiles
2026-04-10 04:05:21.792: [INFO][Sync] Loading: Autofill
2026-04-10 04:05:21.792: [INFO][Sync] All data types are ready for configure.
2026-04-10 04:05:21.792: [INFO][SyncManagerImpl::NudgeForInitialDownload] Initial download nudge for Passwords
2026-04-10 04:05:21.792: [INFO][SyncManagerImpl::NudgeForInitialDownload] Initial download nudge for Autofill Profiles
2026-04-10 04:05:21.792: [INFO][SyncManagerImpl::NudgeForInitialDownload] Initial download nudge for Autofill
2026-04-10 04:05:21.792: [INFO][SyncManagerImpl::ConfigureSyncer] Types to download:  with reason: 5
2026-04-10 04:05:21.792: [INFO][SyncEngineBackend::DoFinishConfigureDataTypes] Failed to download types:  and succeeded types: 
2026-04-10 04:05:21.795: [INFO][Sync] ConfigurationDone, failed: , succeeded: , remaining count: 4
2026-04-10 04:05:21.795: [INFO][Sync] Prepare to configure types: Preferences, Passwords, Device Info, Send Tab To Self, Edge E Drop, Encryption Keys
2026-04-10 04:05:21.796: [INFO][SyncManagerImpl::ConfigureSyncer] Types to download: Preferences, Passwords, Device Info, Send Tab To Self, Edge E Drop, Encryption Keys with reason: 5
2026-04-10 04:05:21.796: [INFO][SyncSchedulerImpl::DoConfigurationSyncCycleJob] Blocked types:  and types to download: Preferences, Passwords, Device Info, Send Tab To Self, Edge E Drop, Encryption Keys
2026-04-10 04:05:22.533: [INFO][SyncEngineBackend::DoFinishConfigureDataTypes] Failed to download types:  and succeeded types: Preferences, Passwords, Device Info, Send Tab To Self, Edge E Drop, Encryption Keys
2026-04-10 04:05:22.545: [INFO][Sync] ConfigurationDone, failed: , succeeded: Preferences, Passwords, Device Info, Send Tab To Self, Edge E Drop, Encryption Keys, remaining count: 3
2026-04-10 04:05:22.545: [INFO][Sync] Prepare to configure types: Bookmarks, Encryption Keys
2026-04-10 04:05:22.545: [INFO][SyncManagerImpl::ConfigureSyncer] Types to download: Bookmarks, Encryption Keys with reason: 5
2026-04-10 04:05:22.545: [INFO][SyncSchedulerImpl::DoConfigurationSyncCycleJob] Blocked types:  and types to download: Bookmarks, Encryption Keys
2026-04-10 04:05:22.928: [INFO][SyncEngineBackend::DoFinishConfigureDataTypes] Failed to download types:  and succeeded types: Bookmarks, Encryption Keys
2026-04-10 04:05:22.942: [INFO][Sync] ConfigurationDone, failed: , succeeded: Bookmarks, Encryption Keys, remaining count: 2
2026-04-10 04:05:22.942: [INFO][Sync] Prepare to configure types: Autofill Profiles, Autofill, Extensions, Sessions, Extension settings, History Delete Directives, Web Apps, Saved Tab Group, WebAuthn Credentials, Collection, Edge Hub App Usage, Edge Wallet, Edge Workspace, Encryption Keys
2026-04-10 04:05:22.942: [INFO][SyncManagerImpl::ConfigureSyncer] Types to download: Autofill Profiles, Autofill, Extensions, Sessions, Extension settings, History Delete Directives, Web Apps, Saved Tab Group, WebAuthn Credentials, Collection, Edge Hub App Usage, Edge Wallet, Edge Workspace, Encryption Keys with reason: 5
2026-04-10 04:05:22.942: [INFO][SyncSchedulerImpl::DoConfigurationSyncCycleJob] Blocked types:  and types to download: Autofill Profiles, Autofill, Extensions, Sessions, Extension settings, History Delete Directives, Web Apps, Saved Tab Group, WebAuthn Credentials, Collection, Edge Hub App Usage, Edge Wallet, Edge Workspace, Encryption Keys
2026-04-10 04:05:42.414: [INFO][SyncEngineBackend::DoFinishConfigureDataTypes] Failed to download types:  and succeeded types: Autofill Profiles, Autofill, Extensions, Sessions, Extension settings, History Delete Directives, Web Apps, Saved Tab Group, WebAuthn Credentials, Collection, Edge Hub App Usage, Edge Wallet, Edge Workspace, Encryption Keys
2026-04-10 04:05:42.426: [INFO][Sync] ConfigurationDone, failed: , succeeded: Autofill Profiles, Autofill, Extensions, Sessions, Extension settings, History Delete Directives, Web Apps, Saved Tab Group, WebAuthn Credentials, Collection, Edge Hub App Usage, Edge Wallet, Edge Workspace, Encryption Keys, remaining count: 1
2026-04-10 04:05:42.436: [INFO][Sync] Prepare to configure types: History, Encryption Keys
2026-04-10 04:05:42.436: [INFO][SyncManagerImpl::ConfigureSyncer] Types to download: History, Encryption Keys with reason: 5
2026-04-10 04:05:42.436: [INFO][SyncSchedulerImpl::DoConfigurationSyncCycleJob] Blocked types:  and types to download: History, Encryption Keys
2026-04-10 04:05:55.549: [INFO][Sync] Reset engine, reason: 0
2026-04-10 04:05:55.549: [INFO][Sync] Reset engine with reason: 0
2026-04-10 04:05:55.550: [INFO][SyncSchedulerImpl::OnSyncNetworkError] Syncer error: Network error (ERR_ABORTED)
2026-04-10 04:05:55.551: [INFO][SyncSchedulerImpl::DoConfigurationSyncCycleJob] Syncer error: Success
2026-04-10 04:07:58.301: [INFO][Sync] SyncState after authenticated was: FeatureCanStart
2026-04-10 04:07:58.522: [INFO][SyncAuthManager::SetLastAuthError] Current auth error: None
2026-04-10 04:07:58.522: [INFO][SyncAuthManager::EdgeLogTokenErrorState] Token error with: None for account type: MSA
2026-04-10 04:07:58.522: [INFO][Sync] Credentials changed for: EdgeSyncKeyDataScope
2026-04-10 04:08:06.019: [INFO][Sync] Try to start sync engine
2026-04-10 04:08:06.019: [INFO][SyncManagerImpl::NudgeForInitialDownload] Initial download nudge for Encryption Keys
2026-04-10 04:08:06.019: [INFO][SyncEngineBackend::LoadAndConnectNigoriController] Load and connect Nigori controller
2026-04-10 04:08:06.019: [INFO][SyncEngineBackend::DoInitialize] Control Types added: Encryption Keys
2026-04-10 04:08:06.019: [INFO][SyncManagerImpl::ConfigureSyncer] Types to download: Encryption Keys with reason: 3
2026-04-10 04:08:06.019: [INFO][SyncEngineBackend::DoUpdateKeyDataCredentials] Update key data credentials
2026-04-10 04:08:06.019: [INFO][SyncSchedulerImpl::DoConfigurationSyncCycleJob] Configure job was blocked
2026-04-10 04:08:06.024: [INFO][SyncAuthManager::SetLastAuthError] Current auth error: None
2026-04-10 04:08:06.024: [INFO][SyncAuthManager::EdgeLogTokenErrorState] Token error with: None for account type: MSA
2026-04-10 04:08:06.024: [INFO][Sync] Credentials changed for: EdgeSyncScopeNew
2026-04-10 04:08:06.024: [INFO][SyncEngineBackend::DoUpdateCredentials] Update credentials
2026-04-10 04:08:06.024: [INFO][SyncSchedulerImpl::DoConfigurationSyncCycleJob] Blocked types:  and types to download: Encryption Keys
2026-04-10 04:08:06.480: [INFO][SyncEngineBackend::DoUpdateKeyDataCredentials] Update key data credentials
2026-04-10 04:08:06.579: [INFO][Sync] Started DataTypeManager configuration, reason: 4
2026-04-10 04:08:06.579: [INFO][Sync] Configuring for: Bookmarks, Preferences, Passwords, Autofill Profiles, Autofill, Extensions, Sessions, Extension settings, History Delete Directives, Device Info, User Consents, Send Tab To Self, Web Apps, History, Saved Tab Group, WebAuthn Credentials, Collection, Edge E Drop, Edge Hub App Usage, Edge Wallet, Edge Workspace, Encryption Keys, reason: 4, current state: 0
2026-04-10 04:08:06.579: [WARN][Sync] Crypto error data types: Passwords, Autofill Profiles, Autofill
2026-04-10 04:08:06.594: [INFO][Sync] Configure, desired: Bookmarks, Preferences, Extensions, Sessions, Extension settings, History Delete Directives, Device Info, User Consents, Send Tab To Self, Web Apps, History, Saved Tab Group, WebAuthn Credentials, Collection, Edge E Drop, Edge Hub App Usage, Edge Wallet, Edge Workspace, Encryption Keys; Allow fail: Passwords, Autofill Profiles, Autofill
2026-04-10 04:08:06.595: [INFO][Sync] Loading: Bookmarks
2026-04-10 04:08:06.595: [INFO][Sync] Loading: Preferences
2026-04-10 04:08:06.595: [INFO][Sync] Loading: Extensions
2026-04-10 04:08:06.595: [INFO][Sync] Loading: Sessions
2026-04-10 04:08:06.595: [INFO][Sync] Loading: Extension settings
2026-04-10 04:08:06.595: [INFO][Sync] Loading: History Delete Directives
2026-04-10 04:08:06.595: [INFO][Sync] Loading: Device Info
2026-04-10 04:08:06.595: [INFO][Sync] Loading: User Consents
2026-04-10 04:08:06.595: [INFO][Sync] Loading: Send Tab To Self
2026-04-10 04:08:06.595: [INFO][Sync] Loading: Web Apps
2026-04-10 04:08:06.595: [INFO][Sync] Loading: History
2026-04-10 04:08:06.595: [INFO][Sync] Loading: Saved Tab Group
2026-04-10 04:08:06.595: [INFO][Sync] Loading: WebAuthn Credentials
2026-04-10 04:08:06.595: [INFO][Sync] Loading: Collection
2026-04-10 04:08:06.595: [INFO][Sync] Loading: Edge E Drop
2026-04-10 04:08:06.595: [INFO][Sync] Loading: Edge Hub App Usage
2026-04-10 04:08:06.595: [INFO][Sync] Loading: Edge Wallet
2026-04-10 04:08:06.595: [INFO][Sync] Loading: Edge Workspace
2026-04-10 04:08:06.622: [INFO][Sync] All data types are ready for configure.
2026-04-10 04:08:07.212: [INFO][SyncEngineBackend::DoStartConfiguration] Start configuration
2026-04-10 04:08:07.212: [INFO][SyncManagerImpl::NudgeForInitialDownload] Initial download nudge for History
2026-04-10 04:08:07.212: [INFO][SyncManagerImpl::ConfigureSyncer] Types to download:  with reason: 4
2026-04-10 04:08:07.212: [INFO][SyncEngineBackend::DoFinishConfigureDataTypes] Failed to download types:  and succeeded types: 
2026-04-10 04:08:07.214: [INFO][Sync] Started DataTypeManager configuration, reason: 5
2026-04-10 04:08:07.214: [INFO][Sync] Configuring for: Bookmarks, Preferences, Passwords, Autofill Profiles, Autofill, Extensions, Sessions, Extension settings, History Delete Directives, Device Info, User Consents, Send Tab To Self, Web Apps, History, Saved Tab Group, WebAuthn Credentials, Collection, Edge E Drop, Edge Hub App Usage, Edge Wallet, Edge Workspace, Encryption Keys, reason: 5, current state: 1
2026-04-10 04:08:07.233: [INFO][Sync] ConfigurationDone, failed: , succeeded: , remaining count: 4
2026-04-10 04:08:07.233: [WARN][Sync]     Reconfigure requested while configuration ongoing.
2026-04-10 04:08:07.233: [INFO][Sync] Configuring for: Bookmarks, Preferences, Passwords, Autofill Profiles, Autofill, Extensions, Sessions, Extension settings, History Delete Directives, Device Info, User Consents, Send Tab To Self, Web Apps, History, Saved Tab Group, WebAuthn Credentials, Collection, Edge E Drop, Edge Hub App Usage, Edge Wallet, Edge Workspace, Encryption Keys, reason: 5, current state: 2
2026-04-10 04:08:07.233: [INFO][Sync] Configure, desired: Bookmarks, Preferences, Passwords, Autofill Profiles, Autofill, Extensions, Sessions, Extension settings, History Delete Directives, Device Info, User Consents, Send Tab To Self, Web Apps, History, Saved Tab Group, WebAuthn Credentials, Collection, Edge E Drop, Edge Hub App Usage, Edge Wallet, Edge Workspace, Encryption Keys; Allow fail: 
2026-04-10 04:08:07.233: [INFO][Sync] Loading: Passwords
2026-04-10 04:08:07.233: [INFO][Sync] Loading: Autofill Profiles
2026-04-10 04:08:07.233: [INFO][Sync] Loading: Autofill
2026-04-10 04:08:07.233: [INFO][Sync] All data types are ready for configure.
2026-04-10 04:08:07.233: [INFO][SyncManagerImpl::NudgeForInitialDownload] Initial download nudge for Passwords
2026-04-10 04:08:07.233: [INFO][SyncManagerImpl::ConfigureSyncer] Types to download:  with reason: 5
2026-04-10 04:08:07.233: [INFO][SyncEngineBackend::DoFinishConfigureDataTypes] Failed to download types:  and succeeded types: 
2026-04-10 04:08:07.235: [INFO][Sync] ConfigurationDone, failed: , succeeded: , remaining count: 4
2026-04-10 04:08:07.235: [INFO][Sync] Prepare to configure types: Passwords, Encryption Keys
2026-04-10 04:08:07.235: [INFO][SyncManagerImpl::ConfigureSyncer] Types to download: Passwords, Encryption Keys with reason: 5
2026-04-10 04:08:07.235: [INFO][SyncSchedulerImpl::DoConfigurationSyncCycleJob] Blocked types:  and types to download: Passwords, Encryption Keys
2026-04-10 04:08:07.665: [INFO][SyncEngineBackend::DoFinishConfigureDataTypes] Failed to download types:  and succeeded types: Passwords, Encryption Keys
2026-04-10 04:08:07.679: [INFO][Sync] ConfigurationDone, failed: , succeeded: Passwords, Encryption Keys, remaining count: 3
2026-04-10 04:08:07.679: [INFO][SyncManagerImpl::ConfigureSyncer] Types to download:  with reason: 5
2026-04-10 04:08:07.679: [INFO][SyncEngineBackend::DoFinishConfigureDataTypes] Failed to download types:  and succeeded types: 
2026-04-10 04:08:07.679: [INFO][Sync] ConfigurationDone, failed: , succeeded: , remaining count: 2
2026-04-10 04:08:07.679: [INFO][SyncManagerImpl::ConfigureSyncer] Types to download:  with reason: 5
2026-04-10 04:08:07.679: [INFO][SyncEngineBackend::DoFinishConfigureDataTypes] Failed to download types:  and succeeded types: 
2026-04-10 04:08:07.683: [INFO][Sync] ConfigurationDone, failed: , succeeded: , remaining count: 1
2026-04-10 04:08:07.700: [INFO][Sync] Prepare to configure types: History, Encryption Keys
2026-04-10 04:08:07.700: [INFO][SyncManagerImpl::ConfigureSyncer] Types to download: History, Encryption Keys with reason: 5
2026-04-10 04:08:07.700: [INFO][SyncSchedulerImpl::DoConfigurationSyncCycleJob] Blocked types:  and types to download: History, Encryption Keys
2026-04-10 04:08:36.172: [INFO][SyncEngineBackend::DoFinishConfigureDataTypes] Failed to download types:  and succeeded types: History, Encryption Keys
2026-04-10 04:08:36.186: [INFO][Sync] ConfigurationDone, failed: , succeeded: History, Encryption Keys, remaining count: 0
2026-04-10 04:08:36.199: [INFO][Sync]     Configuration completed, state: 7
2026-04-10 04:08:36.199: [INFO][Sync] Configured DataTypeManager: Ok
2026-04-10 04:08:36.213: [INFO][SyncEngineBackend::DoStartSyncing] Start syncing
2026-04-10 04:09:12.087: [INFO][Sync] Reset engine, reason: 0
2026-04-10 04:09:12.087: [INFO][Sync] Reset engine with reason: 0
2026-04-10 06:48:53.272: [INFO][Sync] Reset engine, reason: 8
2026-04-10 06:48:53.272: [INFO][Sync] Stopped: Bookmarks
2026-04-10 06:48:53.272: [INFO][Sync] Stopped: Preferences
2026-04-10 06:48:53.272: [INFO][Sync] Stopped: Passwords
2026-04-10 06:48:53.272: [INFO][Sync] Stopped: Autofill Profiles
2026-04-10 06:48:53.272: [INFO][Sync] Stopped: Autofill
2026-04-10 06:48:53.272: [INFO][Sync] Stopped: Extensions
2026-04-10 06:48:53.272: [INFO][Sync] Stopped: Sessions
2026-04-10 06:48:53.272: [INFO][Sync] Stopped: Extension settings
2026-04-10 06:48:53.272: [INFO][Sync] Stopped: History Delete Directives
2026-04-10 06:48:53.272: [INFO][Sync] Stopped: Device Info
2026-04-10 06:48:53.272: [INFO][Sync] Stopped: User Consents
2026-04-10 06:48:53.272: [INFO][Sync] Stopped: Send Tab To Self
2026-04-10 06:48:53.272: [INFO][Sync] Stopped: Web Apps
2026-04-10 06:48:53.272: [INFO][Sync] Stopped: History
2026-04-10 06:48:53.272: [INFO][Sync] Stopped: Saved Tab Group
2026-04-10 06:48:53.272: [INFO][Sync] Stopped: WebAuthn Credentials
2026-04-10 06:48:53.272: [INFO][Sync] Stopped: Collection
2026-04-10 06:48:53.272: [INFO][Sync] Stopped: Edge E Drop
2026-04-10 06:48:53.272: [INFO][Sync] Stopped: Edge Hub App Usage
2026-04-10 06:48:53.272: [INFO][Sync] Stopped: Edge Wallet
2026-04-10 06:48:53.272: [INFO][Sync] Stopped: Edge Workspace
2026-04-10 06:48:53.272: [INFO][Sync] SyncState after authenticated was: NotSignedIn
2026-04-10 06:48:53.453: [INFO][Sync] Reset engine, reason: 8
2026-04-10 06:48:53.453: [INFO][Sync] Stopped: Bookmarks
2026-04-10 06:48:53.453: [INFO][Sync] Stopped: Preferences
2026-04-10 06:48:53.453: [INFO][Sync] Stopped: Passwords
2026-04-10 06:48:53.453: [INFO][Sync] Stopped: Autofill Profiles
2026-04-10 06:48:53.453: [INFO][Sync] Stopped: Autofill
2026-04-10 06:48:53.453: [INFO][Sync] Stopped: Extensions
2026-04-10 06:48:53.453: [INFO][Sync] Stopped: Sessions
2026-04-10 06:48:53.453: [INFO][Sync] Stopped: Extension settings
2026-04-10 06:48:53.453: [INFO][Sync] Stopped: History Delete Directives
2026-04-10 06:48:53.453: [INFO][Sync] Stopped: Device Info
2026-04-10 06:48:53.453: [INFO][Sync] Stopped: User Consents
2026-04-10 06:48:53.453: [INFO][Sync] Stopped: Send Tab To Self
2026-04-10 06:48:53.453: [INFO][Sync] Stopped: Web Apps
2026-04-10 06:48:53.453: [INFO][Sync] Stopped: History
2026-04-10 06:48:53.453: [INFO][Sync] Stopped: Saved Tab Group
2026-04-10 06:48:53.453: [INFO][Sync] Stopped: WebAuthn Credentials
2026-04-10 06:48:53.453: [INFO][Sync] Stopped: Collection
2026-04-10 06:48:53.453: [INFO][Sync] Stopped: Edge E Drop
2026-04-10 06:48:53.453: [INFO][Sync] Stopped: Edge Hub App Usage
2026-04-10 06:48:53.453: [INFO][Sync] Stopped: Edge Wallet
2026-04-10 06:48:53.453: [INFO][Sync] Stopped: Edge Workspace
2026-04-10 06:48:54.672: [INFO][Sync] Try to start sync engine
2026-04-10 06:48:54.673: [INFO][SyncManagerImpl::NudgeForInitialDownload] Initial download nudge for Encryption Keys
2026-04-10 06:48:54.673: [INFO][SyncEngineBackend::LoadAndConnectNigoriController] Load and connect Nigori controller
2026-04-10 06:48:54.673: [INFO][SyncEngineBackend::DoInitialize] Control Types added: Encryption Keys
2026-04-10 06:48:54.673: [INFO][SyncManagerImpl::ConfigureSyncer] Types to download: Encryption Keys with reason: 3
2026-04-10 06:48:54.673: [INFO][SyncSchedulerImpl::DoConfigurationSyncCycleJob] Configure job was blocked
2026-04-10 06:48:54.813: [INFO][SyncAuthManager::SetLastAuthError] Current auth error: None
2026-04-10 06:48:54.813: [INFO][SyncAuthManager::EdgeLogTokenErrorState] Token error with: None for account type: MSA
2026-04-10 06:48:54.813: [INFO][Sync] Credentials changed for: EdgeSyncScopeNew
2026-04-10 06:48:54.846: [INFO][SyncAuthManager::SetLastAuthError] Current auth error: None
2026-04-10 06:48:54.846: [INFO][SyncAuthManager::EdgeLogTokenErrorState] Token error with: None for account type: MSA
2026-04-10 06:48:54.846: [INFO][Sync] Credentials changed for: EdgeSyncKeyDataScope
2026-04-10 06:48:54.846: [INFO][SyncEngineBackend::DoUpdateKeyDataCredentials] Update key data credentials
2026-04-10 06:48:54.846: [INFO][SyncEngineBackend::DoUpdateCredentials] Update credentials
2026-04-10 06:48:54.846: [INFO][SyncSchedulerImpl::DoConfigurationSyncCycleJob] Blocked types:  and types to download: Encryption Keys
2026-04-10 06:48:56.577: [INFO][Sync] Started DataTypeManager configuration, reason: 4
2026-04-10 06:48:56.577: [INFO][Sync] Configuring for: Bookmarks, Preferences, Passwords, Autofill Profiles, Autofill, Extensions, Sessions, Extension settings, History Delete Directives, Device Info, User Consents, Send Tab To Self, Web Apps, History, Saved Tab Group, WebAuthn Credentials, Collection, Edge E Drop, Edge Hub App Usage, Edge Wallet, Edge Workspace, Encryption Keys, reason: 4, current state: 0
2026-04-10 06:48:56.577: [WARN][Sync] Crypto error data types: Passwords, Autofill Profiles, Autofill
2026-04-10 06:48:56.595: [INFO][Sync] Configure, desired: Bookmarks, Preferences, Extensions, Sessions, Extension settings, History Delete Directives, Device Info, User Consents, Send Tab To Self, Web Apps, History, Saved Tab Group, WebAuthn Credentials, Collection, Edge E Drop, Edge Hub App Usage, Edge Wallet, Edge Workspace, Encryption Keys; Allow fail: Passwords, Autofill Profiles, Autofill
2026-04-10 06:48:56.595: [INFO][Sync] Loading: Bookmarks
2026-04-10 06:48:56.595: [INFO][Sync] Loading: Preferences
2026-04-10 06:48:56.595: [INFO][Sync] Loading: Extensions
2026-04-10 06:48:56.595: [INFO][Sync] Loading: Sessions
2026-04-10 06:48:56.595: [INFO][Sync] Loading: Extension settings
2026-04-10 06:48:56.595: [INFO][Sync] Loading: History Delete Directives
2026-04-10 06:48:56.595: [INFO][Sync] Loading: Device Info
2026-04-10 06:48:56.595: [INFO][Sync] Loading: User Consents
2026-04-10 06:48:56.595: [INFO][Sync] Loading: Send Tab To Self
2026-04-10 06:48:56.595: [INFO][Sync] Loading: Web Apps
2026-04-10 06:48:56.595: [INFO][Sync] Loading: History
2026-04-10 06:48:56.595: [INFO][Sync] Loading: Saved Tab Group
2026-04-10 06:48:56.595: [INFO][Sync] Loading: WebAuthn Credentials
2026-04-10 06:48:56.595: [INFO][Sync] Loading: Collection
2026-04-10 06:48:56.595: [INFO][Sync] Loading: Edge E Drop
2026-04-10 06:48:56.595: [INFO][Sync] Loading: Edge Hub App Usage
2026-04-10 06:48:56.595: [INFO][Sync] Loading: Edge Wallet
2026-04-10 06:48:56.595: [INFO][Sync] Loading: Edge Workspace
2026-04-10 06:48:56.627: [INFO][Sync] All data types are ready for configure.
2026-04-10 06:48:57.780: [INFO][SyncEngineBackend::DoStartConfiguration] Start configuration
2026-04-10 06:48:57.780: [INFO][SyncManagerImpl::NudgeForInitialDownload] Initial download nudge for Bookmarks
2026-04-10 06:48:57.780: [INFO][SyncManagerImpl::NudgeForInitialDownload] Initial download nudge for Preferences
2026-04-10 06:48:57.780: [INFO][SyncManagerImpl::NudgeForInitialDownload] Initial download nudge for Extensions
2026-04-10 06:48:57.780: [INFO][SyncManagerImpl::NudgeForInitialDownload] Initial download nudge for Sessions
2026-04-10 06:48:57.780: [INFO][SyncManagerImpl::NudgeForInitialDownload] Initial download nudge for Extension settings
2026-04-10 06:48:57.780: [INFO][SyncManagerImpl::NudgeForInitialDownload] Initial download nudge for History Delete Directives
2026-04-10 06:48:57.780: [INFO][SyncManagerImpl::NudgeForInitialDownload] Initial download nudge for Device Info
2026-04-10 06:48:57.780: [INFO][SyncManagerImpl::NudgeForInitialDownload] Initial download nudge for Send Tab To Self
2026-04-10 06:48:57.780: [INFO][SyncManagerImpl::NudgeForInitialDownload] Initial download nudge for Web Apps
2026-04-10 06:48:57.780: [INFO][SyncManagerImpl::NudgeForInitialDownload] Initial download nudge for History
2026-04-10 06:48:57.780: [INFO][SyncManagerImpl::NudgeForInitialDownload] Initial download nudge for Saved Tab Group
2026-04-10 06:48:57.780: [INFO][SyncManagerImpl::NudgeForInitialDownload] Initial download nudge for WebAuthn Credentials
2026-04-10 06:48:57.780: [INFO][SyncManagerImpl::NudgeForInitialDownload] Initial download nudge for Collection
2026-04-10 06:48:57.780: [INFO][SyncManagerImpl::NudgeForInitialDownload] Initial download nudge for Edge E Drop
2026-04-10 06:48:57.780: [INFO][SyncManagerImpl::NudgeForInitialDownload] Initial download nudge for Edge Hub App Usage
2026-04-10 06:48:57.780: [INFO][SyncManagerImpl::NudgeForInitialDownload] Initial download nudge for Edge Wallet
2026-04-10 06:48:57.780: [INFO][SyncManagerImpl::NudgeForInitialDownload] Initial download nudge for Edge Workspace
2026-04-10 06:48:57.780: [INFO][SyncManagerImpl::ConfigureSyncer] Types to download:  with reason: 4
2026-04-10 06:48:57.780: [INFO][SyncEngineBackend::DoFinishConfigureDataTypes] Failed to download types:  and succeeded types: 
2026-04-10 06:48:57.784: [INFO][Sync] Started DataTypeManager configuration, reason: 5
2026-04-10 06:48:57.784: [INFO][Sync] Configuring for: Bookmarks, Preferences, Passwords, Autofill Profiles, Autofill, Extensions, Sessions, Extension settings, History Delete Directives, Device Info, User Consents, Send Tab To Self, Web Apps, History, Saved Tab Group, WebAuthn Credentials, Collection, Edge E Drop, Edge Hub App Usage, Edge Wallet, Edge Workspace, Encryption Keys, reason: 5, current state: 1
2026-04-10 06:48:57.805: [INFO][Sync] ConfigurationDone, failed: , succeeded: , remaining count: 4
2026-04-10 06:48:57.805: [WARN][Sync]     Reconfigure requested while configuration ongoing.
2026-04-10 06:48:57.805: [INFO][Sync] Configuring for: Bookmarks, Preferences, Passwords, Autofill Profiles, Autofill, Extensions, Sessions, Extension settings, History Delete Directives, Device Info, User Consents, Send Tab To Self, Web Apps, History, Saved Tab Group, WebAuthn Credentials, Collection, Edge E Drop, Edge Hub App Usage, Edge Wallet, Edge Workspace, Encryption Keys, reason: 5, current state: 2
2026-04-10 06:48:57.805: [INFO][Sync] Configure, desired: Bookmarks, Preferences, Passwords, Autofill Profiles, Autofill, Extensions, Sessions, Extension settings, History Delete Directives, Device Info, User Consents, Send Tab To Self, Web Apps, History, Saved Tab Group, WebAuthn Credentials, Collection, Edge E Drop, Edge Hub App Usage, Edge Wallet, Edge Workspace, Encryption Keys; Allow fail: 
2026-04-10 06:48:57.805: [INFO][Sync] Loading: Passwords
2026-04-10 06:48:57.805: [INFO][Sync] Loading: Autofill Profiles
2026-04-10 06:48:57.805: [INFO][Sync] Loading: Autofill
2026-04-10 06:48:57.810: [INFO][Sync] All data types are ready for configure.
2026-04-10 06:48:57.810: [INFO][SyncManagerImpl::NudgeForInitialDownload] Initial download nudge for Passwords
2026-04-10 06:48:57.810: [INFO][SyncManagerImpl::NudgeForInitialDownload] Initial download nudge for Autofill Profiles
2026-04-10 06:48:57.810: [INFO][SyncManagerImpl::NudgeForInitialDownload] Initial download nudge for Autofill
2026-04-10 06:48:57.810: [INFO][SyncManagerImpl::ConfigureSyncer] Types to download:  with reason: 5
2026-04-10 06:48:57.810: [INFO][SyncEngineBackend::DoFinishConfigureDataTypes] Failed to download types:  and succeeded types: 
2026-04-10 06:48:57.810: [INFO][Sync] ConfigurationDone, failed: , succeeded: , remaining count: 4
2026-04-10 06:48:57.810: [INFO][Sync] Prepare to configure types: Preferences, Passwords, Device Info, Send Tab To Self, Edge E Drop, Encryption Keys
2026-04-10 06:48:57.810: [INFO][SyncManagerImpl::ConfigureSyncer] Types to download: Preferences, Passwords, Device Info, Send Tab To Self, Edge E Drop, Encryption Keys with reason: 5
2026-04-10 06:48:57.810: [INFO][SyncSchedulerImpl::DoConfigurationSyncCycleJob] Blocked types:  and types to download: Preferences, Passwords, Device Info, Send Tab To Self, Edge E Drop, Encryption Keys
2026-04-10 06:48:59.357: [INFO][SyncEngineBackend::DoFinishConfigureDataTypes] Failed to download types:  and succeeded types: Preferences, Passwords, Device Info, Send Tab To Self, Edge E Drop, Encryption Keys
2026-04-10 06:48:59.378: [INFO][Sync] ConfigurationDone, failed: , succeeded: Preferences, Passwords, Device Info, Send Tab To Self, Edge E Drop, Encryption Keys, remaining count: 3
2026-04-10 06:48:59.378: [INFO][Sync] Prepare to configure types: Bookmarks, Encryption Keys
2026-04-10 06:48:59.378: [INFO][SyncManagerImpl::ConfigureSyncer] Types to download: Bookmarks, Encryption Keys with reason: 5
2026-04-10 06:48:59.378: [INFO][SyncSchedulerImpl::DoConfigurationSyncCycleJob] Blocked types:  and types to download: Bookmarks, Encryption Keys
2026-04-10 06:49:02.701: [INFO][SyncEngineBackend::DoFinishConfigureDataTypes] Failed to download types:  and succeeded types: Bookmarks, Encryption Keys
2026-04-10 06:49:02.727: [INFO][Sync] ConfigurationDone, failed: , succeeded: Bookmarks, Encryption Keys, remaining count: 2
2026-04-10 06:49:02.727: [INFO][Sync] Prepare to configure types: Autofill Profiles, Autofill, Extensions, Sessions, Extension settings, History Delete Directives, Web Apps, Saved Tab Group, WebAuthn Credentials, Collection, Edge Hub App Usage, Edge Wallet, Edge Workspace, Encryption Keys
2026-04-10 06:49:02.763: [INFO][SyncManagerImpl::ConfigureSyncer] Types to download: Autofill Profiles, Autofill, Extensions, Sessions, Extension settings, History Delete Directives, Web Apps, Saved Tab Group, WebAuthn Credentials, Collection, Edge Hub App Usage, Edge Wallet, Edge Workspace, Encryption Keys with reason: 5
2026-04-10 06:49:02.763: [INFO][SyncSchedulerImpl::DoConfigurationSyncCycleJob] Blocked types:  and types to download: Autofill Profiles, Autofill, Extensions, Sessions, Extension settings, History Delete Directives, Web Apps, Saved Tab Group, WebAuthn Credentials, Collection, Edge Hub App Usage, Edge Wallet, Edge Workspace, Encryption Keys
2026-04-10 06:49:42.371: [INFO][SyncEngineBackend::DoFinishConfigureDataTypes] Failed to download types:  and succeeded types: Autofill Profiles, Autofill, Extensions, Sessions, Extension settings, History Delete Directives, Web Apps, Saved Tab Group, WebAuthn Credentials, Collection, Edge Hub App Usage, Edge Wallet, Edge Workspace, Encryption Keys
2026-04-10 06:49:42.404: [INFO][Sync] ConfigurationDone, failed: , succeeded: Autofill Profiles, Autofill, Extensions, Sessions, Extension settings, History Delete Directives, Web Apps, Saved Tab Group, WebAuthn Credentials, Collection, Edge Hub App Usage, Edge Wallet, Edge Workspace, Encryption Keys, remaining count: 1
2026-04-10 06:49:42.429: [INFO][Sync] Prepare to configure types: History, Encryption Keys
2026-04-10 06:49:42.429: [INFO][SyncManagerImpl::ConfigureSyncer] Types to download: History, Encryption Keys with reason: 5
2026-04-10 06:49:42.429: [INFO][SyncSchedulerImpl::DoConfigurationSyncCycleJob] Blocked types:  and types to download: History, Encryption Keys
2026-04-10 06:51:10.366: [INFO][Sync] Reset engine, reason: 0
2026-04-10 06:51:10.366: [INFO][Sync] Reset engine with reason: 0
2026-04-10 06:51:10.367: [INFO][SyncSchedulerImpl::OnSyncNetworkError] Syncer error: Network error (ERR_ABORTED)
2026-04-10 06:51:10.368: [INFO][SyncSchedulerImpl::DoConfigurationSyncCycleJob] Syncer error: Success
2026-04-10 06:52:32.355: [INFO][Sync] SyncState after authenticated was: FeatureCanStart
2026-04-10 06:52:32.618: [INFO][SyncAuthManager::SetLastAuthError] Current auth error: None
2026-04-10 06:52:32.618: [INFO][SyncAuthManager::EdgeLogTokenErrorState] Token error with: None for account type: MSA
2026-04-10 06:52:32.618: [INFO][Sync] Credentials changed for: EdgeSyncKeyDataScope
2026-04-10 06:52:40.028: [INFO][Sync] Try to start sync engine
2026-04-10 06:52:40.058: [INFO][SyncManagerImpl::NudgeForInitialDownload] Initial download nudge for Encryption Keys
2026-04-10 06:52:40.058: [INFO][SyncEngineBackend::LoadAndConnectNigoriController] Load and connect Nigori controller
2026-04-10 06:52:40.058: [INFO][SyncEngineBackend::DoInitialize] Control Types added: Encryption Keys
2026-04-10 06:52:40.058: [INFO][SyncManagerImpl::ConfigureSyncer] Types to download: Encryption Keys with reason: 3
2026-04-10 06:52:40.058: [INFO][SyncEngineBackend::DoUpdateKeyDataCredentials] Update key data credentials
2026-04-10 06:52:40.058: [INFO][SyncSchedulerImpl::DoConfigurationSyncCycleJob] Configure job was blocked
2026-04-10 06:52:40.062: [INFO][SyncAuthManager::SetLastAuthError] Current auth error: None
2026-04-10 06:52:40.062: [INFO][SyncAuthManager::EdgeLogTokenErrorState] Token error with: None for account type: MSA
2026-04-10 06:52:40.062: [INFO][Sync] Credentials changed for: EdgeSyncScopeNew
2026-04-10 06:52:40.062: [INFO][SyncEngineBackend::DoUpdateCredentials] Update credentials
2026-04-10 06:52:40.062: [INFO][SyncSchedulerImpl::DoConfigurationSyncCycleJob] Blocked types:  and types to download: Encryption Keys
2026-04-10 06:52:40.827: [INFO][SyncEngineBackend::DoUpdateKeyDataCredentials] Update key data credentials
2026-04-10 06:52:40.902: [INFO][Sync] Started DataTypeManager configuration, reason: 4
2026-04-10 06:52:40.903: [INFO][Sync] Configuring for: Bookmarks, Preferences, Passwords, Autofill Profiles, Autofill, Extensions, Sessions, Extension settings, History Delete Directives, Device Info, User Consents, Send Tab To Self, Web Apps, History, Saved Tab Group, WebAuthn Credentials, Collection, Edge E Drop, Edge Hub App Usage, Edge Wallet, Edge Workspace, Encryption Keys, reason: 4, current state: 0
2026-04-10 06:52:40.903: [WARN][Sync] Crypto error data types: Passwords, Autofill Profiles, Autofill
2026-04-10 06:52:40.921: [INFO][Sync] Configure, desired: Bookmarks, Preferences, Extensions, Sessions, Extension settings, History Delete Directives, Device Info, User Consents, Send Tab To Self, Web Apps, History, Saved Tab Group, WebAuthn Credentials, Collection, Edge E Drop, Edge Hub App Usage, Edge Wallet, Edge Workspace, Encryption Keys; Allow fail: Passwords, Autofill Profiles, Autofill
2026-04-10 06:52:40.921: [INFO][Sync] Loading: Bookmarks
2026-04-10 06:52:40.921: [INFO][Sync] Loading: Preferences
2026-04-10 06:52:40.921: [INFO][Sync] Loading: Extensions
2026-04-10 06:52:40.921: [INFO][Sync] Loading: Sessions
2026-04-10 06:52:40.921: [INFO][Sync] Loading: Extension settings
2026-04-10 06:52:40.921: [INFO][Sync] Loading: History Delete Directives
2026-04-10 06:52:40.921: [INFO][Sync] Loading: Device Info
2026-04-10 06:52:40.921: [INFO][Sync] Loading: User Consents
2026-04-10 06:52:40.921: [INFO][Sync] Loading: Send Tab To Self
2026-04-10 06:52:40.921: [INFO][Sync] Loading: Web Apps
2026-04-10 06:52:40.921: [INFO][Sync] Loading: History
2026-04-10 06:52:40.921: [INFO][Sync] Loading: Saved Tab Group
2026-04-10 06:52:40.921: [INFO][Sync] Loading: WebAuthn Credentials
2026-04-10 06:52:40.921: [INFO][Sync] Loading: Collection
2026-04-10 06:52:40.921: [INFO][Sync] Loading: Edge E Drop
2026-04-10 06:52:40.921: [INFO][Sync] Loading: Edge Hub App Usage
2026-04-10 06:52:40.921: [INFO][Sync] Loading: Edge Wallet
2026-04-10 06:52:40.921: [INFO][Sync] Loading: Edge Workspace
2026-04-10 06:52:40.947: [INFO][Sync] All data types are ready for configure.
2026-04-10 06:52:41.734: [INFO][SyncEngineBackend::DoStartConfiguration] Start configuration
2026-04-10 06:52:41.734: [INFO][SyncManagerImpl::NudgeForInitialDownload] Initial download nudge for History
2026-04-10 06:52:41.734: [INFO][SyncManagerImpl::ConfigureSyncer] Types to download:  with reason: 4
2026-04-10 06:52:41.735: [INFO][SyncEngineBackend::DoFinishConfigureDataTypes] Failed to download types:  and succeeded types: 
2026-04-10 06:52:41.739: [INFO][Sync] Started DataTypeManager configuration, reason: 5
2026-04-10 06:52:41.739: [INFO][Sync] Configuring for: Bookmarks, Preferences, Passwords, Autofill Profiles, Autofill, Extensions, Sessions, Extension settings, History Delete Directives, Device Info, User Consents, Send Tab To Self, Web Apps, History, Saved Tab Group, WebAuthn Credentials, Collection, Edge E Drop, Edge Hub App Usage, Edge Wallet, Edge Workspace, Encryption Keys, reason: 5, current state: 1
2026-04-10 06:52:41.768: [INFO][Sync] ConfigurationDone, failed: , succeeded: , remaining count: 4
2026-04-10 06:52:41.768: [WARN][Sync]     Reconfigure requested while configuration ongoing.
2026-04-10 06:52:41.768: [INFO][Sync] Configuring for: Bookmarks, Preferences, Passwords, Autofill Profiles, Autofill, Extensions, Sessions, Extension settings, History Delete Directives, Device Info, User Consents, Send Tab To Self, Web Apps, History, Saved Tab Group, WebAuthn Credentials, Collection, Edge E Drop, Edge Hub App Usage, Edge Wallet, Edge Workspace, Encryption Keys, reason: 5, current state: 2
2026-04-10 06:52:41.768: [INFO][Sync] Configure, desired: Bookmarks, Preferences, Passwords, Autofill Profiles, Autofill, Extensions, Sessions, Extension settings, History Delete Directives, Device Info, User Consents, Send Tab To Self, Web Apps, History, Saved Tab Group, WebAuthn Credentials, Collection, Edge E Drop, Edge Hub App Usage, Edge Wallet, Edge Workspace, Encryption Keys; Allow fail: 
2026-04-10 06:52:41.768: [INFO][Sync] Loading: Passwords
2026-04-10 06:52:41.768: [INFO][Sync] Loading: Autofill Profiles
2026-04-10 06:52:41.768: [INFO][Sync] Loading: Autofill
2026-04-10 06:52:41.769: [INFO][Sync] All data types are ready for configure.
2026-04-10 06:52:41.769: [INFO][SyncManagerImpl::NudgeForInitialDownload] Initial download nudge for Passwords
2026-04-10 06:52:41.769: [INFO][SyncManagerImpl::ConfigureSyncer] Types to download:  with reason: 5
2026-04-10 06:52:41.769: [INFO][SyncEngineBackend::DoFinishConfigureDataTypes] Failed to download types:  and succeeded types: 
2026-04-10 06:52:41.773: [INFO][Sync] ConfigurationDone, failed: , succeeded: , remaining count: 4
2026-04-10 06:52:41.773: [INFO][Sync] Prepare to configure types: Passwords, Encryption Keys
2026-04-10 06:52:41.774: [INFO][SyncManagerImpl::ConfigureSyncer] Types to download: Passwords, Encryption Keys with reason: 5
2026-04-10 06:52:41.774: [INFO][SyncSchedulerImpl::DoConfigurationSyncCycleJob] Blocked types:  and types to download: Passwords, Encryption Keys
2026-04-10 06:52:42.380: [INFO][SyncEngineBackend::DoFinishConfigureDataTypes] Failed to download types:  and succeeded types: Passwords, Encryption Keys
2026-04-10 06:52:42.396: [INFO][Sync] ConfigurationDone, failed: , succeeded: Passwords, Encryption Keys, remaining count: 3
2026-04-10 06:52:42.396: [INFO][SyncManagerImpl::ConfigureSyncer] Types to download:  with reason: 5
2026-04-10 06:52:42.396: [INFO][SyncEngineBackend::DoFinishConfigureDataTypes] Failed to download types:  and succeeded types: 
2026-04-10 06:52:42.396: [INFO][Sync] ConfigurationDone, failed: , succeeded: , remaining count: 2
2026-04-10 06:52:42.396: [INFO][SyncManagerImpl::ConfigureSyncer] Types to download:  with reason: 5
2026-04-10 06:52:42.396: [INFO][SyncEngineBackend::DoFinishConfigureDataTypes] Failed to download types:  and succeeded types: 
2026-04-10 06:52:42.400: [INFO][Sync] ConfigurationDone, failed: , succeeded: , remaining count: 1
2026-04-10 06:52:42.421: [INFO][Sync] Prepare to configure types: History, Encryption Keys
2026-04-10 06:52:42.421: [INFO][SyncManagerImpl::ConfigureSyncer] Types to download: History, Encryption Keys with reason: 5
2026-04-10 06:52:42.421: [INFO][SyncSchedulerImpl::DoConfigurationSyncCycleJob] Blocked types:  and types to download: History, Encryption Keys
2026-04-10 06:53:14.244: [INFO][SyncEngineBackend::DoFinishConfigureDataTypes] Failed to download types:  and succeeded types: History, Encryption Keys
2026-04-10 06:53:14.275: [INFO][Sync] ConfigurationDone, failed: , succeeded: History, Encryption Keys, remaining count: 0
2026-04-10 06:53:14.294: [INFO][Sync]     Configuration completed, state: 7
2026-04-10 06:53:14.295: [INFO][Sync] Configured DataTypeManager: Ok
2026-04-10 06:53:14.313: [INFO][SyncEngineBackend::DoStartSyncing] Start syncing
2026-04-10 06:53:42.692: [INFO][Sync] Reset engine, reason: 0
2026-04-10 06:53:42.692: [INFO][Sync] Reset engine with reason: 0
2026-04-10 06:54:52.877: [INFO][Sync] Reset engine, reason: 8
2026-04-10 06:54:52.877: [INFO][Sync] Stopped: Bookmarks
2026-04-10 06:54:52.877: [INFO][Sync] Stopped: Preferences
2026-04-10 06:54:52.877: [INFO][Sync] Stopped: Passwords
2026-04-10 06:54:52.877: [INFO][Sync] Stopped: Autofill Profiles
2026-04-10 06:54:52.877: [INFO][Sync] Stopped: Autofill
2026-04-10 06:54:52.877: [INFO][Sync] Stopped: Extensions
2026-04-10 06:54:52.877: [INFO][Sync] Stopped: Sessions
2026-04-10 06:54:52.877: [INFO][Sync] Stopped: Extension settings
2026-04-10 06:54:52.877: [INFO][Sync] Stopped: History Delete Directives
2026-04-10 06:54:52.877: [INFO][Sync] Stopped: Device Info
2026-04-10 06:54:52.877: [INFO][Sync] Stopped: User Consents
2026-04-10 06:54:52.877: [INFO][Sync] Stopped: Send Tab To Self
2026-04-10 06:54:52.877: [INFO][Sync] Stopped: Web Apps
2026-04-10 06:54:52.877: [INFO][Sync] Stopped: History
2026-04-10 06:54:52.877: [INFO][Sync] Stopped: Saved Tab Group
2026-04-10 06:54:52.877: [INFO][Sync] Stopped: WebAuthn Credentials
2026-04-10 06:54:52.877: [INFO][Sync] Stopped: Collection
2026-04-10 06:54:52.877: [INFO][Sync] Stopped: Edge E Drop
2026-04-10 06:54:52.877: [INFO][Sync] Stopped: Edge Hub App Usage
2026-04-10 06:54:52.877: [INFO][Sync] Stopped: Edge Wallet
2026-04-10 06:54:52.877: [INFO][Sync] Stopped: Edge Workspace
2026-04-10 06:54:52.877: [INFO][Sync] SyncState after authenticated was: NotSignedIn
2026-04-10 06:54:53.101: [INFO][Sync] Reset engine, reason: 8
2026-04-10 06:54:53.101: [INFO][Sync] Stopped: Bookmarks
2026-04-10 06:54:53.101: [INFO][Sync] Stopped: Preferences
2026-04-10 06:54:53.101: [INFO][Sync] Stopped: Passwords
2026-04-10 06:54:53.101: [INFO][Sync] Stopped: Autofill Profiles
2026-04-10 06:54:53.101: [INFO][Sync] Stopped: Autofill
2026-04-10 06:54:53.101: [INFO][Sync] Stopped: Extensions
2026-04-10 06:54:53.101: [INFO][Sync] Stopped: Sessions
2026-04-10 06:54:53.101: [INFO][Sync] Stopped: Extension settings
2026-04-10 06:54:53.101: [INFO][Sync] Stopped: History Delete Directives
2026-04-10 06:54:53.101: [INFO][Sync] Stopped: Device Info
2026-04-10 06:54:53.101: [INFO][Sync] Stopped: User Consents
2026-04-10 06:54:53.101: [INFO][Sync] Stopped: Send Tab To Self
2026-04-10 06:54:53.101: [INFO][Sync] Stopped: Web Apps
2026-04-10 06:54:53.101: [INFO][Sync] Stopped: History
2026-04-10 06:54:53.101: [INFO][Sync] Stopped: Saved Tab Group
2026-04-10 06:54:53.101: [INFO][Sync] Stopped: WebAuthn Credentials
2026-04-10 06:54:53.101: [INFO][Sync] Stopped: Collection
2026-04-10 06:54:53.101: [INFO][Sync] Stopped: Edge E Drop
2026-04-10 06:54:53.101: [INFO][Sync] Stopped: Edge Hub App Usage
2026-04-10 06:54:53.101: [INFO][Sync] Stopped: Edge Wallet
2026-04-10 06:54:53.101: [INFO][Sync] Stopped: Edge Workspace
2026-04-10 06:54:55.961: [INFO][Sync] Try to start sync engine
2026-04-10 06:54:55.962: [INFO][SyncManagerImpl::NudgeForInitialDownload] Initial download nudge for Encryption Keys
2026-04-10 06:54:55.962: [INFO][SyncEngineBackend::LoadAndConnectNigoriController] Load and connect Nigori controller
2026-04-10 06:54:55.962: [INFO][SyncEngineBackend::DoInitialize] Control Types added: Encryption Keys
2026-04-10 06:54:55.962: [INFO][SyncManagerImpl::ConfigureSyncer] Types to download: Encryption Keys with reason: 3
2026-04-10 06:54:55.962: [INFO][SyncSchedulerImpl::DoConfigurationSyncCycleJob] Configure job was blocked
2026-04-10 06:54:56.042: [INFO][SyncAuthManager::SetLastAuthError] Current auth error: None
2026-04-10 06:54:56.042: [INFO][SyncAuthManager::EdgeLogTokenErrorState] Token error with: None for account type: MSA
2026-04-10 06:54:56.042: [INFO][Sync] Credentials changed for: EdgeSyncScopeNew
2026-04-10 06:54:56.558: [INFO][SyncAuthManager::SetLastAuthError] Current auth error: None
2026-04-10 06:54:56.558: [INFO][SyncAuthManager::EdgeLogTokenErrorState] Token error with: None for account type: MSA
2026-04-10 06:54:56.558: [INFO][Sync] Credentials changed for: EdgeSyncKeyDataScope
2026-04-10 06:54:56.559: [INFO][SyncEngineBackend::DoUpdateKeyDataCredentials] Update key data credentials
2026-04-10 06:54:56.559: [INFO][SyncEngineBackend::DoUpdateCredentials] Update credentials
2026-04-10 06:54:56.559: [INFO][SyncSchedulerImpl::DoConfigurationSyncCycleJob] Blocked types:  and types to download: Encryption Keys
2026-04-10 06:54:58.292: [INFO][Sync] Started DataTypeManager configuration, reason: 4
2026-04-10 06:54:58.292: [INFO][Sync] Configuring for: Bookmarks, Preferences, Passwords, Autofill Profiles, Autofill, Extensions, Sessions, Extension settings, History Delete Directives, Device Info, User Consents, Send Tab To Self, Web Apps, History, Saved Tab Group, WebAuthn Credentials, Collection, Edge E Drop, Edge Hub App Usage, Edge Wallet, Edge Workspace, Encryption Keys, reason: 4, current state: 0
2026-04-10 06:54:58.292: [WARN][Sync] Crypto error data types: Passwords, Autofill Profiles, Autofill
2026-04-10 06:54:58.309: [INFO][Sync] Configure, desired: Bookmarks, Preferences, Extensions, Sessions, Extension settings, History Delete Directives, Device Info, User Consents, Send Tab To Self, Web Apps, History, Saved Tab Group, WebAuthn Credentials, Collection, Edge E Drop, Edge Hub App Usage, Edge Wallet, Edge Workspace, Encryption Keys; Allow fail: Passwords, Autofill Profiles, Autofill
2026-04-10 06:54:58.309: [INFO][Sync] Loading: Bookmarks
2026-04-10 06:54:58.309: [INFO][Sync] Loading: Preferences
2026-04-10 06:54:58.309: [INFO][Sync] Loading: Extensions
2026-04-10 06:54:58.309: [INFO][Sync] Loading: Sessions
2026-04-10 06:54:58.309: [INFO][Sync] Loading: Extension settings
2026-04-10 06:54:58.309: [INFO][Sync] Loading: History Delete Directives
2026-04-10 06:54:58.309: [INFO][Sync] Loading: Device Info
2026-04-10 06:54:58.309: [INFO][Sync] Loading: User Consents
2026-04-10 06:54:58.309: [INFO][Sync] Loading: Send Tab To Self
2026-04-10 06:54:58.309: [INFO][Sync] Loading: Web Apps
2026-04-10 06:54:58.309: [INFO][Sync] Loading: History
2026-04-10 06:54:58.309: [INFO][Sync] Loading: Saved Tab Group
2026-04-10 06:54:58.309: [INFO][Sync] Loading: WebAuthn Credentials
2026-04-10 06:54:58.309: [INFO][Sync] Loading: Collection
2026-04-10 06:54:58.309: [INFO][Sync] Loading: Edge E Drop
2026-04-10 06:54:58.309: [INFO][Sync] Loading: Edge Hub App Usage
2026-04-10 06:54:58.309: [INFO][Sync] Loading: Edge Wallet
2026-04-10 06:54:58.309: [INFO][Sync] Loading: Edge Workspace
2026-04-10 06:54:58.334: [INFO][Sync] All data types are ready for configure.
2026-04-10 06:55:00.573: [INFO][SyncEngineBackend::DoStartConfiguration] Start configuration
2026-04-10 06:55:00.573: [INFO][SyncManagerImpl::NudgeForInitialDownload] Initial download nudge for Bookmarks
2026-04-10 06:55:00.573: [INFO][SyncManagerImpl::NudgeForInitialDownload] Initial download nudge for Preferences
2026-04-10 06:55:00.573: [INFO][SyncManagerImpl::NudgeForInitialDownload] Initial download nudge for Extensions
2026-04-10 06:55:00.573: [INFO][SyncManagerImpl::NudgeForInitialDownload] Initial download nudge for Sessions
2026-04-10 06:55:00.573: [INFO][SyncManagerImpl::NudgeForInitialDownload] Initial download nudge for Extension settings
2026-04-10 06:55:00.573: [INFO][SyncManagerImpl::NudgeForInitialDownload] Initial download nudge for History Delete Directives
2026-04-10 06:55:00.573: [INFO][SyncManagerImpl::NudgeForInitialDownload] Initial download nudge for Device Info
2026-04-10 06:55:00.573: [INFO][SyncManagerImpl::NudgeForInitialDownload] Initial download nudge for Send Tab To Self
2026-04-10 06:55:00.573: [INFO][SyncManagerImpl::NudgeForInitialDownload] Initial download nudge for Web Apps
2026-04-10 06:55:00.573: [INFO][SyncManagerImpl::NudgeForInitialDownload] Initial download nudge for History
2026-04-10 06:55:00.573: [INFO][SyncManagerImpl::NudgeForInitialDownload] Initial download nudge for Saved Tab Group
2026-04-10 06:55:00.573: [INFO][SyncManagerImpl::NudgeForInitialDownload] Initial download nudge for WebAuthn Credentials
2026-04-10 06:55:00.573: [INFO][SyncManagerImpl::NudgeForInitialDownload] Initial download nudge for Collection
2026-04-10 06:55:00.573: [INFO][SyncManagerImpl::NudgeForInitialDownload] Initial download nudge for Edge E Drop
2026-04-10 06:55:00.573: [INFO][SyncManagerImpl::NudgeForInitialDownload] Initial download nudge for Edge Hub App Usage
2026-04-10 06:55:00.573: [INFO][SyncManagerImpl::NudgeForInitialDownload] Initial download nudge for Edge Wallet
2026-04-10 06:55:00.573: [INFO][SyncManagerImpl::NudgeForInitialDownload] Initial download nudge for Edge Workspace
2026-04-10 06:55:00.573: [INFO][SyncManagerImpl::ConfigureSyncer] Types to download:  with reason: 4
2026-04-10 06:55:00.573: [INFO][SyncEngineBackend::DoFinishConfigureDataTypes] Failed to download types:  and succeeded types: 
2026-04-10 06:55:00.578: [INFO][Sync] Started DataTypeManager configuration, reason: 5
2026-04-10 06:55:00.578: [INFO][Sync] Configuring for: Bookmarks, Preferences, Passwords, Autofill Profiles, Autofill, Extensions, Sessions, Extension settings, History Delete Directives, Device Info, User Consents, Send Tab To Self, Web Apps, History, Saved Tab Group, WebAuthn Credentials, Collection, Edge E Drop, Edge Hub App Usage, Edge Wallet, Edge Workspace, Encryption Keys, reason: 5, current state: 1
2026-04-10 06:55:00.598: [INFO][Sync] ConfigurationDone, failed: , succeeded: , remaining count: 4
2026-04-10 06:55:00.598: [WARN][Sync]     Reconfigure requested while configuration ongoing.
2026-04-10 06:55:00.598: [INFO][Sync] Configuring for: Bookmarks, Preferences, Passwords, Autofill Profiles, Autofill, Extensions, Sessions, Extension settings, History Delete Directives, Device Info, User Consents, Send Tab To Self, Web Apps, History, Saved Tab Group, WebAuthn Credentials, Collection, Edge E Drop, Edge Hub App Usage, Edge Wallet, Edge Workspace, Encryption Keys, reason: 5, current state: 2
2026-04-10 06:55:00.598: [INFO][Sync] Configure, desired: Bookmarks, Preferences, Passwords, Autofill Profiles, Autofill, Extensions, Sessions, Extension settings, History Delete Directives, Device Info, User Consents, Send Tab To Self, Web Apps, History, Saved Tab Group, WebAuthn Credentials, Collection, Edge E Drop, Edge Hub App Usage, Edge Wallet, Edge Workspace, Encryption Keys; Allow fail: 
2026-04-10 06:55:00.598: [INFO][Sync] Loading: Passwords
2026-04-10 06:55:00.598: [INFO][Sync] Loading: Autofill Profiles
2026-04-10 06:55:00.598: [INFO][Sync] Loading: Autofill
2026-04-10 06:55:00.602: [INFO][Sync] All data types are ready for configure.
2026-04-10 06:55:00.602: [INFO][SyncManagerImpl::NudgeForInitialDownload] Initial download nudge for Passwords
2026-04-10 06:55:00.602: [INFO][SyncManagerImpl::NudgeForInitialDownload] Initial download nudge for Autofill Profiles
2026-04-10 06:55:00.602: [INFO][SyncManagerImpl::NudgeForInitialDownload] Initial download nudge for Autofill
2026-04-10 06:55:00.602: [INFO][SyncManagerImpl::ConfigureSyncer] Types to download:  with reason: 5
2026-04-10 06:55:00.602: [INFO][SyncEngineBackend::DoFinishConfigureDataTypes] Failed to download types:  and succeeded types: 
2026-04-10 06:55:00.602: [INFO][Sync] ConfigurationDone, failed: , succeeded: , remaining count: 4
2026-04-10 06:55:00.602: [INFO][Sync] Prepare to configure types: Preferences, Passwords, Device Info, Send Tab To Self, Edge E Drop, Encryption Keys
2026-04-10 06:55:00.602: [INFO][SyncManagerImpl::ConfigureSyncer] Types to download: Preferences, Passwords, Device Info, Send Tab To Self, Edge E Drop, Encryption Keys with reason: 5
2026-04-10 06:55:00.602: [INFO][SyncSchedulerImpl::DoConfigurationSyncCycleJob] Blocked types:  and types to download: Preferences, Passwords, Device Info, Send Tab To Self, Edge E Drop, Encryption Keys
2026-04-10 06:55:07.390: [INFO][SyncEngineBackend::DoFinishConfigureDataTypes] Failed to download types:  and succeeded types: Preferences, Passwords, Device Info, Send Tab To Self, Edge E Drop, Encryption Keys
2026-04-10 06:55:07.413: [INFO][Sync] ConfigurationDone, failed: , succeeded: Preferences, Passwords, Device Info, Send Tab To Self, Edge E Drop, Encryption Keys, remaining count: 3
2026-04-10 06:55:07.413: [INFO][Sync] Prepare to configure types: Bookmarks, Encryption Keys
2026-04-10 06:55:07.413: [INFO][SyncManagerImpl::ConfigureSyncer] Types to download: Bookmarks, Encryption Keys with reason: 5
2026-04-10 06:55:07.413: [INFO][SyncSchedulerImpl::DoConfigurationSyncCycleJob] Blocked types:  and types to download: Bookmarks, Encryption Keys
2026-04-10 06:55:09.304: [INFO][SyncEngineBackend::DoFinishConfigureDataTypes] Failed to download types:  and succeeded types: Bookmarks, Encryption Keys
2026-04-10 06:55:09.329: [INFO][Sync] ConfigurationDone, failed: , succeeded: Bookmarks, Encryption Keys, remaining count: 2
2026-04-10 06:55:09.329: [INFO][Sync] Prepare to configure types: Autofill Profiles, Autofill, Extensions, Sessions, Extension settings, History Delete Directives, Web Apps, Saved Tab Group, WebAuthn Credentials, Collection, Edge Hub App Usage, Edge Wallet, Edge Workspace, Encryption Keys
2026-04-10 06:55:09.329: [INFO][SyncManagerImpl::ConfigureSyncer] Types to download: Autofill Profiles, Autofill, Extensions, Sessions, Extension settings, History Delete Directives, Web Apps, Saved Tab Group, WebAuthn Credentials, Collection, Edge Hub App Usage, Edge Wallet, Edge Workspace, Encryption Keys with reason: 5
2026-04-10 06:55:09.329: [INFO][SyncSchedulerImpl::DoConfigurationSyncCycleJob] Blocked types:  and types to download: Autofill Profiles, Autofill, Extensions, Sessions, Extension settings, History Delete Directives, Web Apps, Saved Tab Group, WebAuthn Credentials, Collection, Edge Hub App Usage, Edge Wallet, Edge Workspace, Encryption Keys
2026-04-10 06:56:55.866: [INFO][SyncSchedulerImpl::OnSyncNetworkError] Syncer error: Network error (ERR_CONNECTION_RESET)
2026-04-10 06:56:55.866: [INFO][SyncSchedulerImpl::DoConfigurationSyncCycleJob] Syncer error: Network error (ERR_CONNECTION_RESET)
2026-04-10 06:56:55.884: [WARN][Sync] NetworkError: Network error (ERR_CONNECTION_RESET)
2026-04-10 06:56:58.378: [INFO][SyncSchedulerImpl::DoConfigurationSyncCycleJob] Blocked types:  and types to download: Autofill Profiles, Autofill, Extensions, Sessions, Extension settings, History Delete Directives, Web Apps, Saved Tab Group, WebAuthn Credentials, Collection, Edge Hub App Usage, Edge Wallet, Edge Workspace, Encryption Keys
2026-04-10 06:57:00.065: [INFO][SyncEngineBackend::DoFinishConfigureDataTypes] Failed to download types:  and succeeded types: Autofill Profiles, Autofill, Extensions, Sessions, Extension settings, History Delete Directives, Web Apps, Saved Tab Group, WebAuthn Credentials, Collection, Edge Hub App Usage, Edge Wallet, Edge Workspace, Encryption Keys
2026-04-10 06:57:00.092: [INFO][Sync] ConfigurationDone, failed: , succeeded: Autofill Profiles, Autofill, Extensions, Sessions, Extension settings, History Delete Directives, Web Apps, Saved Tab Group, WebAuthn Credentials, Collection, Edge Hub App Usage, Edge Wallet, Edge Workspace, Encryption Keys, remaining count: 1
2026-04-10 06:57:00.115: [INFO][Sync] Prepare to configure types: History, Encryption Keys
2026-04-10 06:57:00.115: [INFO][SyncManagerImpl::ConfigureSyncer] Types to download: History, Encryption Keys with reason: 5
2026-04-10 06:57:00.115: [INFO][SyncSchedulerImpl::DoConfigurationSyncCycleJob] Blocked types:  and types to download: History, Encryption Keys
2026-04-10 06:57:51.025: [INFO][SyncEngineBackend::DoFinishConfigureDataTypes] Failed to download types:  and succeeded types: History, Encryption Keys
2026-04-10 06:57:51.045: [INFO][Sync] ConfigurationDone, failed: , succeeded: History, Encryption Keys, remaining count: 0
2026-04-10 06:57:51.064: [INFO][Sync]     Configuration completed, state: 7
2026-04-10 06:57:51.064: [INFO][Sync] Configured DataTypeManager: Ok
2026-04-10 06:57:51.082: [INFO][SyncEngineBackend::DoStartSyncing] Start syncing
2026-04-10 07:01:30.108: [INFO][Sync] Reset engine, reason: 0
2026-04-10 07:01:30.108: [INFO][Sync] Reset engine with reason: 0
2026-04-10 07:17:22.583: [INFO][Sync] SyncState after authenticated was: FeatureCanStart
2026-04-10 07:17:24.473: [INFO][SyncAuthManager::SetLastAuthError] Current auth error: None
2026-04-10 07:17:24.473: [INFO][SyncAuthManager::EdgeLogTokenErrorState] Token error with: None for account type: MSA
2026-04-10 07:17:24.473: [INFO][Sync] Credentials changed for: EdgeSyncKeyDataScope
2026-04-10 07:17:30.960: [INFO][Sync] Try to start sync engine
2026-04-10 07:17:30.991: [INFO][SyncManagerImpl::NudgeForInitialDownload] Initial download nudge for Encryption Keys
2026-04-10 07:17:30.991: [INFO][SyncEngineBackend::LoadAndConnectNigoriController] Load and connect Nigori controller
2026-04-10 07:17:30.991: [INFO][SyncEngineBackend::DoInitialize] Control Types added: Encryption Keys
2026-04-10 07:17:30.991: [INFO][SyncManagerImpl::ConfigureSyncer] Types to download: Encryption Keys with reason: 3
2026-04-10 07:17:30.991: [INFO][SyncEngineBackend::DoUpdateKeyDataCredentials] Update key data credentials
2026-04-10 07:17:30.991: [INFO][SyncSchedulerImpl::DoConfigurationSyncCycleJob] Configure job was blocked
2026-04-10 07:17:31.001: [INFO][SyncAuthManager::SetLastAuthError] Current auth error: None
2026-04-10 07:17:31.001: [INFO][SyncAuthManager::EdgeLogTokenErrorState] Token error with: None for account type: MSA
2026-04-10 07:17:31.001: [INFO][Sync] Credentials changed for: EdgeSyncScopeNew
2026-04-10 07:17:31.001: [INFO][SyncEngineBackend::DoUpdateCredentials] Update credentials
2026-04-10 07:17:31.001: [INFO][SyncEngineBackend::DoUpdateKeyDataCredentials] Update key data credentials
2026-04-10 07:17:31.001: [INFO][SyncSchedulerImpl::DoConfigurationSyncCycleJob] Blocked types:  and types to download: Encryption Keys
2026-04-10 07:17:32.796: [INFO][Sync] Started DataTypeManager configuration, reason: 4
2026-04-10 07:17:32.796: [INFO][Sync] Configuring for: Bookmarks, Preferences, Passwords, Autofill Profiles, Autofill, Extensions, Sessions, Extension settings, History Delete Directives, Device Info, User Consents, Send Tab To Self, Web Apps, History, Saved Tab Group, WebAuthn Credentials, Collection, Edge E Drop, Edge Hub App Usage, Edge Wallet, Edge Workspace, Encryption Keys, reason: 4, current state: 0
2026-04-10 07:17:32.796: [WARN][Sync] Crypto error data types: Passwords, Autofill Profiles, Autofill
2026-04-10 07:17:32.810: [INFO][Sync] Configure, desired: Bookmarks, Preferences, Extensions, Sessions, Extension settings, History Delete Directives, Device Info, User Consents, Send Tab To Self, Web Apps, History, Saved Tab Group, WebAuthn Credentials, Collection, Edge E Drop, Edge Hub App Usage, Edge Wallet, Edge Workspace, Encryption Keys; Allow fail: Passwords, Autofill Profiles, Autofill
2026-04-10 07:17:32.810: [INFO][Sync] Loading: Bookmarks
2026-04-10 07:17:32.810: [INFO][Sync] Loading: Preferences
2026-04-10 07:17:32.810: [INFO][Sync] Loading: Extensions
2026-04-10 07:17:32.810: [INFO][Sync] Loading: Sessions
2026-04-10 07:17:32.810: [INFO][Sync] Loading: Extension settings
2026-04-10 07:17:32.810: [INFO][Sync] Loading: History Delete Directives
2026-04-10 07:17:32.810: [INFO][Sync] Loading: Device Info
2026-04-10 07:17:32.810: [INFO][Sync] Loading: User Consents
2026-04-10 07:17:32.810: [INFO][Sync] Loading: Send Tab To Self
2026-04-10 07:17:32.810: [INFO][Sync] Loading: Web Apps
2026-04-10 07:17:32.810: [INFO][Sync] Loading: History
2026-04-10 07:17:32.810: [INFO][Sync] Loading: Saved Tab Group
2026-04-10 07:17:32.810: [INFO][Sync] Loading: WebAuthn Credentials
2026-04-10 07:17:32.810: [INFO][Sync] Loading: Collection
2026-04-10 07:17:32.810: [INFO][Sync] Loading: Edge E Drop
2026-04-10 07:17:32.810: [INFO][Sync] Loading: Edge Hub App Usage
2026-04-10 07:17:32.810: [INFO][Sync] Loading: Edge Wallet
2026-04-10 07:17:32.810: [INFO][Sync] Loading: Edge Workspace
2026-04-10 07:17:32.835: [INFO][Sync] All data types are ready for configure.
2026-04-10 07:17:34.141: [INFO][SyncEngineBackend::DoStartConfiguration] Start configuration
2026-04-10 07:17:34.142: [INFO][SyncManagerImpl::ConfigureSyncer] Types to download:  with reason: 4
2026-04-10 07:17:34.142: [INFO][SyncEngineBackend::DoFinishConfigureDataTypes] Failed to download types:  and succeeded types: 
2026-04-10 07:17:34.146: [INFO][Sync] Started DataTypeManager configuration, reason: 5
2026-04-10 07:17:34.146: [INFO][Sync] Configuring for: Bookmarks, Preferences, Passwords, Autofill Profiles, Autofill, Extensions, Sessions, Extension settings, History Delete Directives, Device Info, User Consents, Send Tab To Self, Web Apps, History, Saved Tab Group, WebAuthn Credentials, Collection, Edge E Drop, Edge Hub App Usage, Edge Wallet, Edge Workspace, Encryption Keys, reason: 5, current state: 1
2026-04-10 07:17:34.164: [INFO][Sync] ConfigurationDone, failed: , succeeded: , remaining count: 4
2026-04-10 07:17:34.164: [WARN][Sync]     Reconfigure requested while configuration ongoing.
2026-04-10 07:17:34.164: [INFO][Sync] Configuring for: Bookmarks, Preferences, Passwords, Autofill Profiles, Autofill, Extensions, Sessions, Extension settings, History Delete Directives, Device Info, User Consents, Send Tab To Self, Web Apps, History, Saved Tab Group, WebAuthn Credentials, Collection, Edge E Drop, Edge Hub App Usage, Edge Wallet, Edge Workspace, Encryption Keys, reason: 5, current state: 2
2026-04-10 07:17:34.164: [INFO][Sync] Configure, desired: Bookmarks, Preferences, Passwords, Autofill Profiles, Autofill, Extensions, Sessions, Extension settings, History Delete Directives, Device Info, User Consents, Send Tab To Self, Web Apps, History, Saved Tab Group, WebAuthn Credentials, Collection, Edge E Drop, Edge Hub App Usage, Edge Wallet, Edge Workspace, Encryption Keys; Allow fail: 
2026-04-10 07:17:34.164: [INFO][Sync] Loading: Passwords
2026-04-10 07:17:34.164: [INFO][Sync] Loading: Autofill Profiles
2026-04-10 07:17:34.164: [INFO][Sync] Loading: Autofill
2026-04-10 07:17:34.167: [INFO][Sync] All data types are ready for configure.
2026-04-10 07:17:34.167: [INFO][SyncManagerImpl::NudgeForInitialDownload] Initial download nudge for Passwords
2026-04-10 07:17:34.167: [INFO][SyncManagerImpl::ConfigureSyncer] Types to download:  with reason: 5
2026-04-10 07:17:34.167: [INFO][SyncEngineBackend::DoFinishConfigureDataTypes] Failed to download types:  and succeeded types: 
2026-04-10 07:17:34.167: [INFO][Sync] ConfigurationDone, failed: , succeeded: , remaining count: 4
2026-04-10 07:17:34.167: [INFO][Sync] Prepare to configure types: Passwords, Encryption Keys
2026-04-10 07:17:34.167: [INFO][SyncManagerImpl::ConfigureSyncer] Types to download: Passwords, Encryption Keys with reason: 5
2026-04-10 07:17:34.168: [INFO][SyncSchedulerImpl::DoConfigurationSyncCycleJob] Blocked types:  and types to download: Passwords, Encryption Keys
2026-04-10 07:17:36.277: [INFO][SyncEngineBackend::DoFinishConfigureDataTypes] Failed to download types:  and succeeded types: Passwords, Encryption Keys
2026-04-10 07:17:36.292: [INFO][Sync] ConfigurationDone, failed: , succeeded: Passwords, Encryption Keys, remaining count: 3
2026-04-10 07:17:36.292: [INFO][SyncManagerImpl::ConfigureSyncer] Types to download:  with reason: 5
2026-04-10 07:17:36.292: [INFO][SyncEngineBackend::DoFinishConfigureDataTypes] Failed to download types:  and succeeded types: 
2026-04-10 07:17:36.292: [INFO][Sync] ConfigurationDone, failed: , succeeded: , remaining count: 2
2026-04-10 07:17:36.292: [INFO][SyncManagerImpl::ConfigureSyncer] Types to download:  with reason: 5
2026-04-10 07:17:36.292: [INFO][SyncEngineBackend::DoFinishConfigureDataTypes] Failed to download types:  and succeeded types: 
2026-04-10 07:17:36.295: [INFO][Sync] ConfigurationDone, failed: , succeeded: , remaining count: 1
2026-04-10 07:17:36.314: [INFO][SyncManagerImpl::ConfigureSyncer] Types to download:  with reason: 5
2026-04-10 07:17:36.314: [INFO][SyncEngineBackend::DoFinishConfigureDataTypes] Failed to download types:  and succeeded types: 
2026-04-10 07:17:36.315: [INFO][Sync] ConfigurationDone, failed: , succeeded: , remaining count: 0
2026-04-10 07:17:36.329: [INFO][Sync]     Configuration completed, state: 7
2026-04-10 07:17:36.329: [INFO][Sync] Configured DataTypeManager: Ok
2026-04-10 07:17:36.349: [INFO][SyncEngineBackend::DoStartSyncing] Start syncing
2026-04-10 07:18:30.762: [INFO][Sync] Reset engine, reason: 0
2026-04-10 07:18:30.762: [INFO][Sync] Reset engine with reason: 0
2026-04-11 04:47:12.938: [INFO][Sync] Reset engine, reason: 8
2026-04-11 04:47:12.938: [INFO][Sync] Stopped: Bookmarks
2026-04-11 04:47:12.938: [INFO][Sync] Stopped: Preferences
2026-04-11 04:47:12.938: [INFO][Sync] Stopped: Passwords
2026-04-11 04:47:12.938: [INFO][Sync] Stopped: Autofill Profiles
2026-04-11 04:47:12.938: [INFO][Sync] Stopped: Autofill
2026-04-11 04:47:12.938: [INFO][Sync] Stopped: Extensions
2026-04-11 04:47:12.938: [INFO][Sync] Stopped: Sessions
2026-04-11 04:47:12.938: [INFO][Sync] Stopped: Extension settings
2026-04-11 04:47:12.938: [INFO][Sync] Stopped: History Delete Directives
2026-04-11 04:47:12.938: [INFO][Sync] Stopped: Device Info
2026-04-11 04:47:12.938: [INFO][Sync] Stopped: User Consents
2026-04-11 04:47:12.938: [INFO][Sync] Stopped: Send Tab To Self
2026-04-11 04:47:12.938: [INFO][Sync] Stopped: Web Apps
2026-04-11 04:47:12.938: [INFO][Sync] Stopped: History
2026-04-11 04:47:12.938: [INFO][Sync] Stopped: Saved Tab Group
2026-04-11 04:47:12.938: [INFO][Sync] Stopped: WebAuthn Credentials
2026-04-11 04:47:12.938: [INFO][Sync] Stopped: Collection
2026-04-11 04:47:12.938: [INFO][Sync] Stopped: Edge E Drop
2026-04-11 04:47:12.938: [INFO][Sync] Stopped: Edge Hub App Usage
2026-04-11 04:47:12.938: [INFO][Sync] Stopped: Edge Wallet
2026-04-11 04:47:12.938: [INFO][Sync] Stopped: Edge Workspace
2026-04-11 04:47:12.938: [INFO][Sync] SyncState after authenticated was: NotSignedIn
2026-04-11 04:47:13.079: [INFO][Sync] Reset engine, reason: 8
2026-04-11 04:47:13.079: [INFO][Sync] Stopped: Bookmarks
2026-04-11 04:47:13.079: [INFO][Sync] Stopped: Preferences
2026-04-11 04:47:13.079: [INFO][Sync] Stopped: Passwords
2026-04-11 04:47:13.079: [INFO][Sync] Stopped: Autofill Profiles
2026-04-11 04:47:13.079: [INFO][Sync] Stopped: Autofill
2026-04-11 04:47:13.079: [INFO][Sync] Stopped: Extensions
2026-04-11 04:47:13.079: [INFO][Sync] Stopped: Sessions
2026-04-11 04:47:13.079: [INFO][Sync] Stopped: Extension settings
2026-04-11 04:47:13.079: [INFO][Sync] Stopped: History Delete Directives
2026-04-11 04:47:13.079: [INFO][Sync] Stopped: Device Info
2026-04-11 04:47:13.079: [INFO][Sync] Stopped: User Consents
2026-04-11 04:47:13.079: [INFO][Sync] Stopped: Send Tab To Self
2026-04-11 04:47:13.079: [INFO][Sync] Stopped: Web Apps
2026-04-11 04:47:13.079: [INFO][Sync] Stopped: History
2026-04-11 04:47:13.079: [INFO][Sync] Stopped: Saved Tab Group
2026-04-11 04:47:13.079: [INFO][Sync] Stopped: WebAuthn Credentials
2026-04-11 04:47:13.079: [INFO][Sync] Stopped: Collection
2026-04-11 04:47:13.079: [INFO][Sync] Stopped: Edge E Drop
2026-04-11 04:47:13.079: [INFO][Sync] Stopped: Edge Hub App Usage
2026-04-11 04:47:13.079: [INFO][Sync] Stopped: Edge Wallet
2026-04-11 04:47:13.079: [INFO][Sync] Stopped: Edge Workspace
2026-04-11 04:47:14.804: [INFO][Sync] Try to start sync engine
2026-04-11 04:47:14.804: [INFO][SyncManagerImpl::NudgeForInitialDownload] Initial download nudge for Encryption Keys
2026-04-11 04:47:14.804: [INFO][SyncEngineBackend::LoadAndConnectNigoriController] Load and connect Nigori controller
2026-04-11 04:47:14.804: [INFO][SyncEngineBackend::DoInitialize] Control Types added: Encryption Keys
2026-04-11 04:47:14.804: [INFO][SyncManagerImpl::ConfigureSyncer] Types to download: Encryption Keys with reason: 3
2026-04-11 04:47:14.804: [INFO][SyncSchedulerImpl::DoConfigurationSyncCycleJob] Configure job was blocked
2026-04-11 04:47:14.876: [INFO][SyncAuthManager::SetLastAuthError] Current auth error: None
2026-04-11 04:47:14.876: [INFO][SyncAuthManager::EdgeLogTokenErrorState] Token error with: None for account type: MSA
2026-04-11 04:47:14.876: [INFO][Sync] Credentials changed for: EdgeSyncScopeNew
2026-04-11 04:47:15.314: [INFO][SyncAuthManager::SetLastAuthError] Current auth error: None
2026-04-11 04:47:15.314: [INFO][SyncAuthManager::EdgeLogTokenErrorState] Token error with: None for account type: MSA
2026-04-11 04:47:15.314: [INFO][Sync] Credentials changed for: EdgeSyncKeyDataScope
2026-04-11 04:47:15.314: [INFO][SyncEngineBackend::DoUpdateKeyDataCredentials] Update key data credentials
2026-04-11 04:47:15.314: [INFO][SyncEngineBackend::DoUpdateCredentials] Update credentials
2026-04-11 04:47:15.314: [INFO][SyncSchedulerImpl::DoConfigurationSyncCycleJob] Blocked types:  and types to download: Encryption Keys
2026-04-11 04:47:16.431: [INFO][Sync] Started DataTypeManager configuration, reason: 4
2026-04-11 04:47:16.431: [INFO][Sync] Configuring for: Bookmarks, Preferences, Passwords, Autofill Profiles, Autofill, Extensions, Sessions, Extension settings, History Delete Directives, Device Info, User Consents, Send Tab To Self, Web Apps, History, Saved Tab Group, WebAuthn Credentials, Collection, Edge E Drop, Edge Hub App Usage, Edge Wallet, Edge Workspace, Encryption Keys, reason: 4, current state: 0
2026-04-11 04:47:16.431: [WARN][Sync] Crypto error data types: Passwords, Autofill Profiles, Autofill
2026-04-11 04:47:16.446: [INFO][Sync] Configure, desired: Bookmarks, Preferences, Extensions, Sessions, Extension settings, History Delete Directives, Device Info, User Consents, Send Tab To Self, Web Apps, History, Saved Tab Group, WebAuthn Credentials, Collection, Edge E Drop, Edge Hub App Usage, Edge Wallet, Edge Workspace, Encryption Keys; Allow fail: Passwords, Autofill Profiles, Autofill
2026-04-11 04:47:16.446: [INFO][Sync] Loading: Bookmarks
2026-04-11 04:47:16.446: [INFO][Sync] Loading: Preferences
2026-04-11 04:47:16.446: [INFO][Sync] Loading: Extensions
2026-04-11 04:47:16.446: [INFO][Sync] Loading: Sessions
2026-04-11 04:47:16.446: [INFO][Sync] Loading: Extension settings
2026-04-11 04:47:16.446: [INFO][Sync] Loading: History Delete Directives
2026-04-11 04:47:16.446: [INFO][Sync] Loading: Device Info
2026-04-11 04:47:16.446: [INFO][Sync] Loading: User Consents
2026-04-11 04:47:16.446: [INFO][Sync] Loading: Send Tab To Self
2026-04-11 04:47:16.446: [INFO][Sync] Loading: Web Apps
2026-04-11 04:47:16.446: [INFO][Sync] Loading: History
2026-04-11 04:47:16.446: [INFO][Sync] Loading: Saved Tab Group
2026-04-11 04:47:16.446: [INFO][Sync] Loading: WebAuthn Credentials
2026-04-11 04:47:16.446: [INFO][Sync] Loading: Collection
2026-04-11 04:47:16.446: [INFO][Sync] Loading: Edge E Drop
2026-04-11 04:47:16.446: [INFO][Sync] Loading: Edge Hub App Usage
2026-04-11 04:47:16.446: [INFO][Sync] Loading: Edge Wallet
2026-04-11 04:47:16.446: [INFO][Sync] Loading: Edge Workspace
2026-04-11 04:47:16.463: [INFO][Sync] All data types are ready for configure.
2026-04-11 04:47:17.037: [INFO][SyncEngineBackend::DoStartConfiguration] Start configuration
2026-04-11 04:47:17.037: [INFO][SyncManagerImpl::NudgeForInitialDownload] Initial download nudge for Bookmarks
2026-04-11 04:47:17.037: [INFO][SyncManagerImpl::NudgeForInitialDownload] Initial download nudge for Preferences
2026-04-11 04:47:17.037: [INFO][SyncManagerImpl::NudgeForInitialDownload] Initial download nudge for Extensions
2026-04-11 04:47:17.037: [INFO][SyncManagerImpl::NudgeForInitialDownload] Initial download nudge for Sessions
2026-04-11 04:47:17.037: [INFO][SyncManagerImpl::NudgeForInitialDownload] Initial download nudge for Extension settings
2026-04-11 04:47:17.037: [INFO][SyncManagerImpl::NudgeForInitialDownload] Initial download nudge for History Delete Directives
2026-04-11 04:47:17.037: [INFO][SyncManagerImpl::NudgeForInitialDownload] Initial download nudge for Device Info
2026-04-11 04:47:17.037: [INFO][SyncManagerImpl::NudgeForInitialDownload] Initial download nudge for Send Tab To Self
2026-04-11 04:47:17.037: [INFO][SyncManagerImpl::NudgeForInitialDownload] Initial download nudge for Web Apps
2026-04-11 04:47:17.037: [INFO][SyncManagerImpl::NudgeForInitialDownload] Initial download nudge for History
2026-04-11 04:47:17.037: [INFO][SyncManagerImpl::NudgeForInitialDownload] Initial download nudge for Saved Tab Group
2026-04-11 04:47:17.037: [INFO][SyncManagerImpl::NudgeForInitialDownload] Initial download nudge for WebAuthn Credentials
2026-04-11 04:47:17.037: [INFO][SyncManagerImpl::NudgeForInitialDownload] Initial download nudge for Collection
2026-04-11 04:47:17.037: [INFO][SyncManagerImpl::NudgeForInitialDownload] Initial download nudge for Edge E Drop
2026-04-11 04:47:17.037: [INFO][SyncManagerImpl::NudgeForInitialDownload] Initial download nudge for Edge Hub App Usage
2026-04-11 04:47:17.037: [INFO][SyncManagerImpl::NudgeForInitialDownload] Initial download nudge for Edge Wallet
2026-04-11 04:47:17.037: [INFO][SyncManagerImpl::NudgeForInitialDownload] Initial download nudge for Edge Workspace
2026-04-11 04:47:17.037: [INFO][SyncManagerImpl::ConfigureSyncer] Types to download:  with reason: 4
2026-04-11 04:47:17.037: [INFO][SyncEngineBackend::DoFinishConfigureDataTypes] Failed to download types:  and succeeded types: 
2026-04-11 04:47:17.041: [INFO][Sync] Started DataTypeManager configuration, reason: 5
2026-04-11 04:47:17.041: [INFO][Sync] Configuring for: Bookmarks, Preferences, Passwords, Autofill Profiles, Autofill, Extensions, Sessions, Extension settings, History Delete Directives, Device Info, User Consents, Send Tab To Self, Web Apps, History, Saved Tab Group, WebAuthn Credentials, Collection, Edge E Drop, Edge Hub App Usage, Edge Wallet, Edge Workspace, Encryption Keys, reason: 5, current state: 1
2026-04-11 04:47:17.057: [INFO][Sync] ConfigurationDone, failed: , succeeded: , remaining count: 4
2026-04-11 04:47:17.057: [WARN][Sync]     Reconfigure requested while configuration ongoing.
2026-04-11 04:47:17.057: [INFO][Sync] Configuring for: Bookmarks, Preferences, Passwords, Autofill Profiles, Autofill, Extensions, Sessions, Extension settings, History Delete Directives, Device Info, User Consents, Send Tab To Self, Web Apps, History, Saved Tab Group, WebAuthn Credentials, Collection, Edge E Drop, Edge Hub App Usage, Edge Wallet, Edge Workspace, Encryption Keys, reason: 5, current state: 2
2026-04-11 04:47:17.057: [INFO][Sync] Configure, desired: Bookmarks, Preferences, Passwords, Autofill Profiles, Autofill, Extensions, Sessions, Extension settings, History Delete Directives, Device Info, User Consents, Send Tab To Self, Web Apps, History, Saved Tab Group, WebAuthn Credentials, Collection, Edge E Drop, Edge Hub App Usage, Edge Wallet, Edge Workspace, Encryption Keys; Allow fail: 
2026-04-11 04:47:17.057: [INFO][Sync] Loading: Passwords
2026-04-11 04:47:17.057: [INFO][Sync] Loading: Autofill Profiles
2026-04-11 04:47:17.057: [INFO][Sync] Loading: Autofill
2026-04-11 04:47:17.057: [INFO][Sync] All data types are ready for configure.
2026-04-11 04:47:17.057: [INFO][SyncManagerImpl::NudgeForInitialDownload] Initial download nudge for Passwords
2026-04-11 04:47:17.057: [INFO][SyncManagerImpl::NudgeForInitialDownload] Initial download nudge for Autofill Profiles
2026-04-11 04:47:17.058: [INFO][SyncManagerImpl::NudgeForInitialDownload] Initial download nudge for Autofill
2026-04-11 04:47:17.058: [INFO][SyncManagerImpl::ConfigureSyncer] Types to download:  with reason: 5
2026-04-11 04:47:17.058: [INFO][SyncEngineBackend::DoFinishConfigureDataTypes] Failed to download types:  and succeeded types: 
2026-04-11 04:47:17.060: [INFO][Sync] ConfigurationDone, failed: , succeeded: , remaining count: 4
2026-04-11 04:47:17.060: [INFO][Sync] Prepare to configure types: Preferences, Passwords, Device Info, Send Tab To Self, Edge E Drop, Encryption Keys
2026-04-11 04:47:17.060: [INFO][SyncManagerImpl::ConfigureSyncer] Types to download: Preferences, Passwords, Device Info, Send Tab To Self, Edge E Drop, Encryption Keys with reason: 5
2026-04-11 04:47:17.060: [INFO][SyncSchedulerImpl::DoConfigurationSyncCycleJob] Blocked types:  and types to download: Preferences, Passwords, Device Info, Send Tab To Self, Edge E Drop, Encryption Keys
2026-04-11 04:47:19.149: [INFO][SyncEngineBackend::DoFinishConfigureDataTypes] Failed to download types:  and succeeded types: Preferences, Passwords, Device Info, Send Tab To Self, Edge E Drop, Encryption Keys
2026-04-11 04:47:19.162: [INFO][Sync] ConfigurationDone, failed: , succeeded: Preferences, Passwords, Device Info, Send Tab To Self, Edge E Drop, Encryption Keys, remaining count: 3
2026-04-11 04:47:19.162: [INFO][Sync] Prepare to configure types: Bookmarks, Encryption Keys
2026-04-11 04:47:19.162: [INFO][SyncManagerImpl::ConfigureSyncer] Types to download: Bookmarks, Encryption Keys with reason: 5
2026-04-11 04:47:19.162: [INFO][SyncSchedulerImpl::DoConfigurationSyncCycleJob] Blocked types:  and types to download: Bookmarks, Encryption Keys
2026-04-11 04:47:19.964: [INFO][SyncEngineBackend::DoFinishConfigureDataTypes] Failed to download types:  and succeeded types: Bookmarks, Encryption Keys
2026-04-11 04:47:19.980: [INFO][Sync] ConfigurationDone, failed: , succeeded: Bookmarks, Encryption Keys, remaining count: 2
2026-04-11 04:47:19.980: [INFO][Sync] Prepare to configure types: Autofill Profiles, Autofill, Extensions, Sessions, Extension settings, History Delete Directives, Web Apps, Saved Tab Group, WebAuthn Credentials, Collection, Edge Hub App Usage, Edge Wallet, Edge Workspace, Encryption Keys
2026-04-11 04:47:19.980: [INFO][SyncManagerImpl::ConfigureSyncer] Types to download: Autofill Profiles, Autofill, Extensions, Sessions, Extension settings, History Delete Directives, Web Apps, Saved Tab Group, WebAuthn Credentials, Collection, Edge Hub App Usage, Edge Wallet, Edge Workspace, Encryption Keys with reason: 5
2026-04-11 04:47:19.980: [INFO][SyncSchedulerImpl::DoConfigurationSyncCycleJob] Blocked types:  and types to download: Autofill Profiles, Autofill, Extensions, Sessions, Extension settings, History Delete Directives, Web Apps, Saved Tab Group, WebAuthn Credentials, Collection, Edge Hub App Usage, Edge Wallet, Edge Workspace, Encryption Keys
2026-04-11 04:47:22.273: [ERROR][Sync] Load Preferences, failed: WriteModifications@components\sync\model\data_type_store_backend.cc:264 - Model error type: 83
2026-04-11 04:47:22.273: [ERROR][Sync] Stoping type: Preferences, error: WriteModifications@components\sync\model\data_type_store_backend.cc:264 - Model error type: 83
2026-04-11 04:47:46.259: [INFO][Sync] Reset engine, reason: 0
2026-04-11 04:47:46.259: [INFO][Sync] Reset engine with reason: 0
2026-04-11 04:47:46.259: [INFO][SyncSchedulerImpl::OnSyncNetworkError] Syncer error: Network error (ERR_ABORTED)
2026-04-11 04:47:46.259: [INFO][SyncSchedulerImpl::DoConfigurationSyncCycleJob] Syncer error: Success
2026-04-11 06:04:50.792: [INFO][Sync] SyncState after authenticated was: FeatureCanStart
2026-04-11 06:04:51.028: [INFO][SyncAuthManager::SetLastAuthError] Current auth error: PERSISTENT_ERROR, EDGE_AUTH_ERROR: 3, 24, 4b0
2026-04-11 06:04:51.028: [INFO][Sync] Credentials changed for: EdgeSyncScopeNew
2026-04-11 06:04:51.028: [ERROR][Sync]     Engine is not allowed to run, reason: 000000
2026-04-11 06:04:51.043: [INFO][Sync] Reset engine, reason: 6
2026-04-11 06:04:51.043: [INFO][Sync] Stopped: Bookmarks
2026-04-11 06:04:51.043: [INFO][Sync] Stopped: Preferences
2026-04-11 06:04:51.043: [INFO][Sync] Stopped: Passwords
2026-04-11 06:04:51.043: [INFO][Sync] Stopped: Autofill Profiles
2026-04-11 06:04:51.043: [INFO][Sync] Stopped: Autofill
2026-04-11 06:04:51.043: [INFO][Sync] Stopped: Extensions
2026-04-11 06:04:51.043: [INFO][Sync] Stopped: Sessions
2026-04-11 06:04:51.043: [INFO][Sync] Stopped: Extension settings
2026-04-11 06:04:51.043: [INFO][Sync] Stopped: History Delete Directives
2026-04-11 06:04:51.043: [INFO][Sync] Stopped: Device Info
2026-04-11 06:04:51.043: [INFO][Sync] Stopped: User Consents
2026-04-11 06:04:51.043: [INFO][Sync] Stopped: Send Tab To Self
2026-04-11 06:04:51.043: [INFO][Sync] Stopped: Web Apps
2026-04-11 06:04:51.043: [INFO][Sync] Stopped: History
2026-04-11 06:04:51.043: [INFO][Sync] Stopped: Saved Tab Group
2026-04-11 06:04:51.043: [INFO][Sync] Stopped: WebAuthn Credentials
2026-04-11 06:04:51.043: [INFO][Sync] Stopped: Collection
2026-04-11 06:04:51.043: [INFO][Sync] Stopped: Edge E Drop
2026-04-11 06:04:51.043: [INFO][Sync] Stopped: Edge Hub App Usage
2026-04-11 06:04:51.043: [INFO][Sync] Stopped: Edge Wallet
2026-04-11 06:04:51.043: [INFO][Sync] Stopped: Edge Workspace
2026-04-11 06:04:51.043: [INFO][SyncAuthManager::SetLastAuthError] Current auth error: PERSISTENT_ERROR, EDGE_AUTH_ERROR: 3, 24, 4b0
2026-04-11 06:04:51.043: [INFO][Sync] Credentials changed for: EdgeSyncKeyDataScope
2026-04-11 06:15:52.456: [INFO][Sync] Reset engine, reason: 0
2026-04-12 07:31:55.778: [INFO][Sync] Reset engine, reason: 8
2026-04-12 07:31:55.778: [INFO][Sync] Stopped: Bookmarks
2026-04-12 07:31:55.778: [INFO][Sync] Stopped: Preferences
2026-04-12 07:31:55.778: [INFO][Sync] Stopped: Passwords
2026-04-12 07:31:55.778: [INFO][Sync] Stopped: Autofill Profiles
2026-04-12 07:31:55.778: [INFO][Sync] Stopped: Autofill
2026-04-12 07:31:55.778: [INFO][Sync] Stopped: Extensions
2026-04-12 07:31:55.778: [INFO][Sync] Stopped: Sessions
2026-04-12 07:31:55.778: [INFO][Sync] Stopped: Extension settings
2026-04-12 07:31:55.778: [INFO][Sync] Stopped: History Delete Directives
2026-04-12 07:31:55.778: [INFO][Sync] Stopped: Device Info
2026-04-12 07:31:55.778: [INFO][Sync] Stopped: User Consents
2026-04-12 07:31:55.778: [INFO][Sync] Stopped: Send Tab To Self
2026-04-12 07:31:55.778: [INFO][Sync] Stopped: Web Apps
2026-04-12 07:31:55.778: [INFO][Sync] Stopped: History
2026-04-12 07:31:55.778: [INFO][Sync] Stopped: Saved Tab Group
2026-04-12 07:31:55.778: [INFO][Sync] Stopped: WebAuthn Credentials
2026-04-12 07:31:55.778: [INFO][Sync] Stopped: Collection
2026-04-12 07:31:55.778: [INFO][Sync] Stopped: Edge E Drop
2026-04-12 07:31:55.778: [INFO][Sync] Stopped: Edge Hub App Usage
2026-04-12 07:31:55.778: [INFO][Sync] Stopped: Edge Wallet
2026-04-12 07:31:55.778: [INFO][Sync] Stopped: Edge Workspace
2026-04-12 07:31:55.778: [INFO][Sync] SyncState after authenticated was: NotSignedIn
2026-04-12 07:31:55.926: [INFO][Sync] Reset engine, reason: 8
2026-04-12 07:31:55.926: [INFO][Sync] Stopped: Bookmarks
2026-04-12 07:31:55.926: [INFO][Sync] Stopped: Preferences
2026-04-12 07:31:55.926: [INFO][Sync] Stopped: Passwords
2026-04-12 07:31:55.926: [INFO][Sync] Stopped: Autofill Profiles
2026-04-12 07:31:55.926: [INFO][Sync] Stopped: Autofill
2026-04-12 07:31:55.926: [INFO][Sync] Stopped: Extensions
2026-04-12 07:31:55.926: [INFO][Sync] Stopped: Sessions
2026-04-12 07:31:55.926: [INFO][Sync] Stopped: Extension settings
2026-04-12 07:31:55.926: [INFO][Sync] Stopped: History Delete Directives
2026-04-12 07:31:55.926: [INFO][Sync] Stopped: Device Info
2026-04-12 07:31:55.926: [INFO][Sync] Stopped: User Consents
2026-04-12 07:31:55.926: [INFO][Sync] Stopped: Send Tab To Self
2026-04-12 07:31:55.926: [INFO][Sync] Stopped: Web Apps
2026-04-12 07:31:55.926: [INFO][Sync] Stopped: History
2026-04-12 07:31:55.926: [INFO][Sync] Stopped: Saved Tab Group
2026-04-12 07:31:55.926: [INFO][Sync] Stopped: WebAuthn Credentials
2026-04-12 07:31:55.926: [INFO][Sync] Stopped: Collection
2026-04-12 07:31:55.926: [INFO][Sync] Stopped: Edge E Drop
2026-04-12 07:31:55.926: [INFO][Sync] Stopped: Edge Hub App Usage
2026-04-12 07:31:55.926: [INFO][Sync] Stopped: Edge Wallet
2026-04-12 07:31:55.926: [INFO][Sync] Stopped: Edge Workspace
2026-04-12 07:42:48.201: [INFO][Sync] Reset engine, reason: 0
2026-04-12 07:51:17.378: [INFO][Sync] Reset engine, reason: 8
2026-04-12 07:51:17.378: [INFO][Sync] Stopped: Bookmarks
2026-04-12 07:51:17.378: [INFO][Sync] Stopped: Preferences
2026-04-12 07:51:17.378: [INFO][Sync] Stopped: Passwords
2026-04-12 07:51:17.378: [INFO][Sync] Stopped: Autofill Profiles
2026-04-12 07:51:17.378: [INFO][Sync] Stopped: Autofill
2026-04-12 07:51:17.378: [INFO][Sync] Stopped: Extensions
2026-04-12 07:51:17.378: [INFO][Sync] Stopped: Sessions
2026-04-12 07:51:17.378: [INFO][Sync] Stopped: Extension settings
2026-04-12 07:51:17.378: [INFO][Sync] Stopped: History Delete Directives
2026-04-12 07:51:17.378: [INFO][Sync] Stopped: Device Info
2026-04-12 07:51:17.378: [INFO][Sync] Stopped: User Consents
2026-04-12 07:51:17.378: [INFO][Sync] Stopped: Send Tab To Self
2026-04-12 07:51:17.378: [INFO][Sync] Stopped: Web Apps
2026-04-12 07:51:17.378: [INFO][Sync] Stopped: History
2026-04-12 07:51:17.378: [INFO][Sync] Stopped: Saved Tab Group
2026-04-12 07:51:17.378: [INFO][Sync] Stopped: WebAuthn Credentials
2026-04-12 07:51:17.378: [INFO][Sync] Stopped: Collection
2026-04-12 07:51:17.378: [INFO][Sync] Stopped: Edge E Drop
2026-04-12 07:51:17.378: [INFO][Sync] Stopped: Edge Hub App Usage
2026-04-12 07:51:17.378: [INFO][Sync] Stopped: Edge Wallet
2026-04-12 07:51:17.378: [INFO][Sync] Stopped: Edge Workspace
2026-04-12 07:51:17.378: [INFO][Sync] SyncState after authenticated was: NotSignedIn
2026-04-12 07:51:17.546: [INFO][Sync] Reset engine, reason: 8
2026-04-12 07:51:17.546: [INFO][Sync] Stopped: Bookmarks
2026-04-12 07:51:17.546: [INFO][Sync] Stopped: Preferences
2026-04-12 07:51:17.546: [INFO][Sync] Stopped: Passwords
2026-04-12 07:51:17.546: [INFO][Sync] Stopped: Autofill Profiles
2026-04-12 07:51:17.546: [INFO][Sync] Stopped: Autofill
2026-04-12 07:51:17.546: [INFO][Sync] Stopped: Extensions
2026-04-12 07:51:17.546: [INFO][Sync] Stopped: Sessions
2026-04-12 07:51:17.546: [INFO][Sync] Stopped: Extension settings
2026-04-12 07:51:17.546: [INFO][Sync] Stopped: History Delete Directives
2026-04-12 07:51:17.546: [INFO][Sync] Stopped: Device Info
2026-04-12 07:51:17.546: [INFO][Sync] Stopped: User Consents
2026-04-12 07:51:17.546: [INFO][Sync] Stopped: Send Tab To Self
2026-04-12 07:51:17.546: [INFO][Sync] Stopped: Web Apps
2026-04-12 07:51:17.546: [INFO][Sync] Stopped: History
2026-04-12 07:51:17.546: [INFO][Sync] Stopped: Saved Tab Group
2026-04-12 07:51:17.546: [INFO][Sync] Stopped: WebAuthn Credentials
2026-04-12 07:51:17.546: [INFO][Sync] Stopped: Collection
2026-04-12 07:51:17.546: [INFO][Sync] Stopped: Edge E Drop
2026-04-12 07:51:17.546: [INFO][Sync] Stopped: Edge Hub App Usage
2026-04-12 07:51:17.546: [INFO][Sync] Stopped: Edge Wallet
2026-04-12 07:51:17.546: [INFO][Sync] Stopped: Edge Workspace
2026-04-12 07:55:32.767: [INFO][Sync] Reset engine, reason: 0
2026-04-12 07:57:31.642: [INFO][Sync] Reset engine, reason: 8
2026-04-12 07:57:31.642: [INFO][Sync] Stopped: Bookmarks
2026-04-12 07:57:31.642: [INFO][Sync] Stopped: Preferences
2026-04-12 07:57:31.642: [INFO][Sync] Stopped: Passwords
2026-04-12 07:57:31.642: [INFO][Sync] Stopped: Autofill Profiles
2026-04-12 07:57:31.642: [INFO][Sync] Stopped: Autofill
2026-04-12 07:57:31.642: [INFO][Sync] Stopped: Extensions
2026-04-12 07:57:31.642: [INFO][Sync] Stopped: Sessions
2026-04-12 07:57:31.642: [INFO][Sync] Stopped: Extension settings
2026-04-12 07:57:31.642: [INFO][Sync] Stopped: History Delete Directives
2026-04-12 07:57:31.642: [INFO][Sync] Stopped: Device Info
2026-04-12 07:57:31.642: [INFO][Sync] Stopped: User Consents
2026-04-12 07:57:31.642: [INFO][Sync] Stopped: Send Tab To Self
2026-04-12 07:57:31.642: [INFO][Sync] Stopped: Web Apps
2026-04-12 07:57:31.642: [INFO][Sync] Stopped: History
2026-04-12 07:57:31.642: [INFO][Sync] Stopped: Saved Tab Group
2026-04-12 07:57:31.642: [INFO][Sync] Stopped: WebAuthn Credentials
2026-04-12 07:57:31.642: [INFO][Sync] Stopped: Collection
2026-04-12 07:57:31.642: [INFO][Sync] Stopped: Edge E Drop
2026-04-12 07:57:31.642: [INFO][Sync] Stopped: Edge Hub App Usage
2026-04-12 07:57:31.642: [INFO][Sync] Stopped: Edge Wallet
2026-04-12 07:57:31.642: [INFO][Sync] Stopped: Edge Workspace
2026-04-12 07:57:31.642: [INFO][Sync] SyncState after authenticated was: NotSignedIn
2026-04-12 07:57:31.820: [INFO][Sync] Reset engine, reason: 8
2026-04-12 07:57:31.820: [INFO][Sync] Stopped: Bookmarks
2026-04-12 07:57:31.820: [INFO][Sync] Stopped: Preferences
2026-04-12 07:57:31.820: [INFO][Sync] Stopped: Passwords
2026-04-12 07:57:31.820: [INFO][Sync] Stopped: Autofill Profiles
2026-04-12 07:57:31.820: [INFO][Sync] Stopped: Autofill
2026-04-12 07:57:31.820: [INFO][Sync] Stopped: Extensions
2026-04-12 07:57:31.820: [INFO][Sync] Stopped: Sessions
2026-04-12 07:57:31.820: [INFO][Sync] Stopped: Extension settings
2026-04-12 07:57:31.820: [INFO][Sync] Stopped: History Delete Directives
2026-04-12 07:57:31.820: [INFO][Sync] Stopped: Device Info
2026-04-12 07:57:31.820: [INFO][Sync] Stopped: User Consents
2026-04-12 07:57:31.820: [INFO][Sync] Stopped: Send Tab To Self
2026-04-12 07:57:31.820: [INFO][Sync] Stopped: Web Apps
2026-04-12 07:57:31.820: [INFO][Sync] Stopped: History
2026-04-12 07:57:31.820: [INFO][Sync] Stopped: Saved Tab Group
2026-04-12 07:57:31.820: [INFO][Sync] Stopped: WebAuthn Credentials
2026-04-12 07:57:31.820: [INFO][Sync] Stopped: Collection
2026-04-12 07:57:31.820: [INFO][Sync] Stopped: Edge E Drop
2026-04-12 07:57:31.820: [INFO][Sync] Stopped: Edge Hub App Usage
2026-04-12 07:57:31.820: [INFO][Sync] Stopped: Edge Wallet
2026-04-12 07:57:31.820: [INFO][Sync] Stopped: Edge Workspace
2026-04-12 08:00:19.701: [INFO][Sync] Reset engine, reason: 0
2026-04-12 08:01:24.578: [INFO][Sync] Reset engine, reason: 8
2026-04-12 08:01:24.578: [INFO][Sync] Stopped: Bookmarks
2026-04-12 08:01:24.578: [INFO][Sync] Stopped: Preferences
2026-04-12 08:01:24.578: [INFO][Sync] Stopped: Passwords
2026-04-12 08:01:24.578: [INFO][Sync] Stopped: Autofill Profiles
2026-04-12 08:01:24.578: [INFO][Sync] Stopped: Autofill
2026-04-12 08:01:24.578: [INFO][Sync] Stopped: Extensions
2026-04-12 08:01:24.578: [INFO][Sync] Stopped: Sessions
2026-04-12 08:01:24.578: [INFO][Sync] Stopped: Extension settings
2026-04-12 08:01:24.578: [INFO][Sync] Stopped: History Delete Directives
2026-04-12 08:01:24.578: [INFO][Sync] Stopped: Device Info
2026-04-12 08:01:24.578: [INFO][Sync] Stopped: User Consents
2026-04-12 08:01:24.578: [INFO][Sync] Stopped: Send Tab To Self
2026-04-12 08:01:24.578: [INFO][Sync] Stopped: Web Apps
2026-04-12 08:01:24.578: [INFO][Sync] Stopped: History
2026-04-12 08:01:24.578: [INFO][Sync] Stopped: Saved Tab Group
2026-04-12 08:01:24.578: [INFO][Sync] Stopped: WebAuthn Credentials
2026-04-12 08:01:24.578: [INFO][Sync] Stopped: Collection
2026-04-12 08:01:24.578: [INFO][Sync] Stopped: Edge E Drop
2026-04-12 08:01:24.578: [INFO][Sync] Stopped: Edge Hub App Usage
2026-04-12 08:01:24.578: [INFO][Sync] Stopped: Edge Wallet
2026-04-12 08:01:24.578: [INFO][Sync] Stopped: Edge Workspace
2026-04-12 08:01:24.578: [INFO][Sync] SyncState after authenticated was: NotSignedIn
2026-04-12 08:01:24.782: [INFO][Sync] Reset engine, reason: 8
2026-04-12 08:01:24.782: [INFO][Sync] Stopped: Bookmarks
2026-04-12 08:01:24.782: [INFO][Sync] Stopped: Preferences
2026-04-12 08:01:24.782: [INFO][Sync] Stopped: Passwords
2026-04-12 08:01:24.782: [INFO][Sync] Stopped: Autofill Profiles
2026-04-12 08:01:24.782: [INFO][Sync] Stopped: Autofill
2026-04-12 08:01:24.782: [INFO][Sync] Stopped: Extensions
2026-04-12 08:01:24.782: [INFO][Sync] Stopped: Sessions
2026-04-12 08:01:24.782: [INFO][Sync] Stopped: Extension settings
2026-04-12 08:01:24.782: [INFO][Sync] Stopped: History Delete Directives
2026-04-12 08:01:24.782: [INFO][Sync] Stopped: Device Info
2026-04-12 08:01:24.782: [INFO][Sync] Stopped: User Consents
2026-04-12 08:01:24.782: [INFO][Sync] Stopped: Send Tab To Self
2026-04-12 08:01:24.782: [INFO][Sync] Stopped: Web Apps
2026-04-12 08:01:24.782: [INFO][Sync] Stopped: History
2026-04-12 08:01:24.782: [INFO][Sync] Stopped: Saved Tab Group
2026-04-12 08:01:24.782: [INFO][Sync] Stopped: WebAuthn Credentials
2026-04-12 08:01:24.782: [INFO][Sync] Stopped: Collection
2026-04-12 08:01:24.782: [INFO][Sync] Stopped: Edge E Drop
2026-04-12 08:01:24.782: [INFO][Sync] Stopped: Edge Hub App Usage
2026-04-12 08:01:24.782: [INFO][Sync] Stopped: Edge Wallet
2026-04-12 08:01:24.782: [INFO][Sync] Stopped: Edge Workspace
2026-04-12 08:03:58.475: [INFO][Sync] Reset engine, reason: 0
2026-04-12 08:07:23.434: [INFO][Sync] Reset engine, reason: 8
2026-04-12 08:07:23.434: [INFO][Sync] Stopped: Bookmarks
2026-04-12 08:07:23.434: [INFO][Sync] Stopped: Preferences
2026-04-12 08:07:23.434: [INFO][Sync] Stopped: Passwords
2026-04-12 08:07:23.434: [INFO][Sync] Stopped: Autofill Profiles
2026-04-12 08:07:23.434: [INFO][Sync] Stopped: Autofill
2026-04-12 08:07:23.434: [INFO][Sync] Stopped: Extensions
2026-04-12 08:07:23.434: [INFO][Sync] Stopped: Sessions
2026-04-12 08:07:23.434: [INFO][Sync] Stopped: Extension settings
2026-04-12 08:07:23.434: [INFO][Sync] Stopped: History Delete Directives
2026-04-12 08:07:23.434: [INFO][Sync] Stopped: Device Info
2026-04-12 08:07:23.434: [INFO][Sync] Stopped: User Consents
2026-04-12 08:07:23.434: [INFO][Sync] Stopped: Send Tab To Self
2026-04-12 08:07:23.434: [INFO][Sync] Stopped: Web Apps
2026-04-12 08:07:23.434: [INFO][Sync] Stopped: History
2026-04-12 08:07:23.434: [INFO][Sync] Stopped: Saved Tab Group
2026-04-12 08:07:23.434: [INFO][Sync] Stopped: WebAuthn Credentials
2026-04-12 08:07:23.434: [INFO][Sync] Stopped: Collection
2026-04-12 08:07:23.434: [INFO][Sync] Stopped: Edge E Drop
2026-04-12 08:07:23.434: [INFO][Sync] Stopped: Edge Hub App Usage
2026-04-12 08:07:23.434: [INFO][Sync] Stopped: Edge Wallet
2026-04-12 08:07:23.434: [INFO][Sync] Stopped: Edge Workspace
2026-04-12 08:07:23.435: [INFO][Sync] SyncState after authenticated was: NotSignedIn
2026-04-12 08:07:23.637: [INFO][Sync] Reset engine, reason: 8
2026-04-12 08:07:23.637: [INFO][Sync] Stopped: Bookmarks
2026-04-12 08:07:23.637: [INFO][Sync] Stopped: Preferences
2026-04-12 08:07:23.637: [INFO][Sync] Stopped: Passwords
2026-04-12 08:07:23.637: [INFO][Sync] Stopped: Autofill Profiles
2026-04-12 08:07:23.637: [INFO][Sync] Stopped: Autofill
2026-04-12 08:07:23.637: [INFO][Sync] Stopped: Extensions
2026-04-12 08:07:23.637: [INFO][Sync] Stopped: Sessions
2026-04-12 08:07:23.637: [INFO][Sync] Stopped: Extension settings
2026-04-12 08:07:23.637: [INFO][Sync] Stopped: History Delete Directives
2026-04-12 08:07:23.637: [INFO][Sync] Stopped: Device Info
2026-04-12 08:07:23.637: [INFO][Sync] Stopped: User Consents
2026-04-12 08:07:23.637: [INFO][Sync] Stopped: Send Tab To Self
2026-04-12 08:07:23.637: [INFO][Sync] Stopped: Web Apps
2026-04-12 08:07:23.637: [INFO][Sync] Stopped: History
2026-04-12 08:07:23.637: [INFO][Sync] Stopped: Saved Tab Group
2026-04-12 08:07:23.637: [INFO][Sync] Stopped: WebAuthn Credentials
2026-04-12 08:07:23.637: [INFO][Sync] Stopped: Collection
2026-04-12 08:07:23.637: [INFO][Sync] Stopped: Edge E Drop
2026-04-12 08:07:23.637: [INFO][Sync] Stopped: Edge Hub App Usage
2026-04-12 08:07:23.637: [INFO][Sync] Stopped: Edge Wallet
2026-04-12 08:07:23.637: [INFO][Sync] Stopped: Edge Workspace
2026-04-12 08:10:34.883: [INFO][Sync] Reset engine, reason: 0
2026-04-12 08:17:56.783: [INFO][Sync] Reset engine, reason: 8
2026-04-12 08:17:56.783: [INFO][Sync] Stopped: Bookmarks
2026-04-12 08:17:56.783: [INFO][Sync] Stopped: Preferences
2026-04-12 08:17:56.783: [INFO][Sync] Stopped: Passwords
2026-04-12 08:17:56.783: [INFO][Sync] Stopped: Autofill Profiles
2026-04-12 08:17:56.783: [INFO][Sync] Stopped: Autofill
2026-04-12 08:17:56.783: [INFO][Sync] Stopped: Extensions
2026-04-12 08:17:56.783: [INFO][Sync] Stopped: Sessions
2026-04-12 08:17:56.783: [INFO][Sync] Stopped: Extension settings
2026-04-12 08:17:56.783: [INFO][Sync] Stopped: History Delete Directives
2026-04-12 08:17:56.783: [INFO][Sync] Stopped: Device Info
2026-04-12 08:17:56.783: [INFO][Sync] Stopped: User Consents
2026-04-12 08:17:56.783: [INFO][Sync] Stopped: Send Tab To Self
2026-04-12 08:17:56.783: [INFO][Sync] Stopped: Web Apps
2026-04-12 08:17:56.783: [INFO][Sync] Stopped: History
2026-04-12 08:17:56.783: [INFO][Sync] Stopped: Saved Tab Group
2026-04-12 08:17:56.783: [INFO][Sync] Stopped: WebAuthn Credentials
2026-04-12 08:17:56.783: [INFO][Sync] Stopped: Collection
2026-04-12 08:17:56.783: [INFO][Sync] Stopped: Edge E Drop
2026-04-12 08:17:56.783: [INFO][Sync] Stopped: Edge Hub App Usage
2026-04-12 08:17:56.783: [INFO][Sync] Stopped: Edge Wallet
2026-04-12 08:17:56.783: [INFO][Sync] Stopped: Edge Workspace
2026-04-12 08:17:56.783: [INFO][Sync] SyncState after authenticated was: NotSignedIn
2026-04-12 08:17:56.938: [INFO][Sync] Reset engine, reason: 8
2026-04-12 08:17:56.938: [INFO][Sync] Stopped: Bookmarks
2026-04-12 08:17:56.938: [INFO][Sync] Stopped: Preferences
2026-04-12 08:17:56.938: [INFO][Sync] Stopped: Passwords
2026-04-12 08:17:56.938: [INFO][Sync] Stopped: Autofill Profiles
2026-04-12 08:17:56.938: [INFO][Sync] Stopped: Autofill
2026-04-12 08:17:56.938: [INFO][Sync] Stopped: Extensions
2026-04-12 08:17:56.938: [INFO][Sync] Stopped: Sessions
2026-04-12 08:17:56.938: [INFO][Sync] Stopped: Extension settings
2026-04-12 08:17:56.938: [INFO][Sync] Stopped: History Delete Directives
2026-04-12 08:17:56.938: [INFO][Sync] Stopped: Device Info
2026-04-12 08:17:56.938: [INFO][Sync] Stopped: User Consents
2026-04-12 08:17:56.938: [INFO][Sync] Stopped: Send Tab To Self
2026-04-12 08:17:56.938: [INFO][Sync] Stopped: Web Apps
2026-04-12 08:17:56.938: [INFO][Sync] Stopped: History
2026-04-12 08:17:56.938: [INFO][Sync] Stopped: Saved Tab Group
2026-04-12 08:17:56.938: [INFO][Sync] Stopped: WebAuthn Credentials
2026-04-12 08:17:56.938: [INFO][Sync] Stopped: Collection
2026-04-12 08:17:56.938: [INFO][Sync] Stopped: Edge E Drop
2026-04-12 08:17:56.938: [INFO][Sync] Stopped: Edge Hub App Usage
2026-04-12 08:17:56.938: [INFO][Sync] Stopped: Edge Wallet
2026-04-12 08:17:56.938: [INFO][Sync] Stopped: Edge Workspace
2026-04-12 08:31:15.417: [INFO][Sync] Reset engine, reason: 0
2026-04-12 08:47:09.562: [INFO][Sync] Reset engine, reason: 8
2026-04-12 08:47:09.562: [INFO][Sync] Stopped: Bookmarks
2026-04-12 08:47:09.562: [INFO][Sync] Stopped: Preferences
2026-04-12 08:47:09.562: [INFO][Sync] Stopped: Passwords
2026-04-12 08:47:09.562: [INFO][Sync] Stopped: Autofill Profiles
2026-04-12 08:47:09.562: [INFO][Sync] Stopped: Autofill
2026-04-12 08:47:09.562: [INFO][Sync] Stopped: Extensions
2026-04-12 08:47:09.562: [INFO][Sync] Stopped: Sessions
2026-04-12 08:47:09.562: [INFO][Sync] Stopped: Extension settings
2026-04-12 08:47:09.562: [INFO][Sync] Stopped: History Delete Directives
2026-04-12 08:47:09.562: [INFO][Sync] Stopped: Device Info
2026-04-12 08:47:09.562: [INFO][Sync] Stopped: User Consents
2026-04-12 08:47:09.562: [INFO][Sync] Stopped: Send Tab To Self
2026-04-12 08:47:09.562: [INFO][Sync] Stopped: Web Apps
2026-04-12 08:47:09.562: [INFO][Sync] Stopped: History
2026-04-12 08:47:09.562: [INFO][Sync] Stopped: Saved Tab Group
2026-04-12 08:47:09.562: [INFO][Sync] Stopped: WebAuthn Credentials
2026-04-12 08:47:09.562: [INFO][Sync] Stopped: Collection
2026-04-12 08:47:09.562: [INFO][Sync] Stopped: Edge E Drop
2026-04-12 08:47:09.562: [INFO][Sync] Stopped: Edge Hub App Usage
2026-04-12 08:47:09.562: [INFO][Sync] Stopped: Edge Wallet
2026-04-12 08:47:09.562: [INFO][Sync] Stopped: Edge Workspace
2026-04-12 08:47:09.562: [INFO][Sync] SyncState after authenticated was: NotSignedIn
2026-04-12 08:47:09.737: [INFO][Sync] Reset engine, reason: 8
2026-04-12 08:47:09.737: [INFO][Sync] Stopped: Bookmarks
2026-04-12 08:47:09.737: [INFO][Sync] Stopped: Preferences
2026-04-12 08:47:09.737: [INFO][Sync] Stopped: Passwords
2026-04-12 08:47:09.737: [INFO][Sync] Stopped: Autofill Profiles
2026-04-12 08:47:09.737: [INFO][Sync] Stopped: Autofill
2026-04-12 08:47:09.737: [INFO][Sync] Stopped: Extensions
2026-04-12 08:47:09.737: [INFO][Sync] Stopped: Sessions
2026-04-12 08:47:09.737: [INFO][Sync] Stopped: Extension settings
2026-04-12 08:47:09.737: [INFO][Sync] Stopped: History Delete Directives
2026-04-12 08:47:09.737: [INFO][Sync] Stopped: Device Info
2026-04-12 08:47:09.737: [INFO][Sync] Stopped: User Consents
2026-04-12 08:47:09.737: [INFO][Sync] Stopped: Send Tab To Self
2026-04-12 08:47:09.737: [INFO][Sync] Stopped: Web Apps
2026-04-12 08:47:09.737: [INFO][Sync] Stopped: History
2026-04-12 08:47:09.737: [INFO][Sync] Stopped: Saved Tab Group
2026-04-12 08:47:09.737: [INFO][Sync] Stopped: WebAuthn Credentials
2026-04-12 08:47:09.737: [INFO][Sync] Stopped: Collection
2026-04-12 08:47:09.737: [INFO][Sync] Stopped: Edge E Drop
2026-04-12 08:47:09.737: [INFO][Sync] Stopped: Edge Hub App Usage
2026-04-12 08:47:09.737: [INFO][Sync] Stopped: Edge Wallet
2026-04-12 08:47:09.737: [INFO][Sync] Stopped: Edge Workspace
2026-04-12 08:47:44.318: [INFO][Sync] Reset engine, reason: 0
2026-04-12 09:50:44.239: [INFO][Sync] Reset engine, reason: 8
2026-04-12 09:50:44.239: [INFO][Sync] Stopped: Bookmarks
2026-04-12 09:50:44.240: [INFO][Sync] Stopped: Preferences
2026-04-12 09:50:44.240: [INFO][Sync] Stopped: Passwords
2026-04-12 09:50:44.240: [INFO][Sync] Stopped: Autofill Profiles
2026-04-12 09:50:44.240: [INFO][Sync] Stopped: Autofill
2026-04-12 09:50:44.240: [INFO][Sync] Stopped: Extensions
2026-04-12 09:50:44.240: [INFO][Sync] Stopped: Sessions
2026-04-12 09:50:44.240: [INFO][Sync] Stopped: Extension settings
2026-04-12 09:50:44.240: [INFO][Sync] Stopped: History Delete Directives
2026-04-12 09:50:44.240: [INFO][Sync] Stopped: Device Info
2026-04-12 09:50:44.240: [INFO][Sync] Stopped: User Consents
2026-04-12 09:50:44.240: [INFO][Sync] Stopped: Send Tab To Self
2026-04-12 09:50:44.240: [INFO][Sync] Stopped: Web Apps
2026-04-12 09:50:44.240: [INFO][Sync] Stopped: History
2026-04-12 09:50:44.240: [INFO][Sync] Stopped: Saved Tab Group
2026-04-12 09:50:44.240: [INFO][Sync] Stopped: WebAuthn Credentials
2026-04-12 09:50:44.240: [INFO][Sync] Stopped: Collection
2026-04-12 09:50:44.240: [INFO][Sync] Stopped: Edge E Drop
2026-04-12 09:50:44.240: [INFO][Sync] Stopped: Edge Hub App Usage
2026-04-12 09:50:44.240: [INFO][Sync] Stopped: Edge Wallet
2026-04-12 09:50:44.240: [INFO][Sync] Stopped: Edge Workspace
2026-04-12 09:50:44.240: [INFO][Sync] SyncState after authenticated was: NotSignedIn
2026-04-12 09:50:44.414: [INFO][Sync] Reset engine, reason: 8
2026-04-12 09:50:44.414: [INFO][Sync] Stopped: Bookmarks
2026-04-12 09:50:44.414: [INFO][Sync] Stopped: Preferences
2026-04-12 09:50:44.414: [INFO][Sync] Stopped: Passwords
2026-04-12 09:50:44.414: [INFO][Sync] Stopped: Autofill Profiles
2026-04-12 09:50:44.414: [INFO][Sync] Stopped: Autofill
2026-04-12 09:50:44.414: [INFO][Sync] Stopped: Extensions
2026-04-12 09:50:44.414: [INFO][Sync] Stopped: Sessions
2026-04-12 09:50:44.414: [INFO][Sync] Stopped: Extension settings
2026-04-12 09:50:44.414: [INFO][Sync] Stopped: History Delete Directives
2026-04-12 09:50:44.414: [INFO][Sync] Stopped: Device Info
2026-04-12 09:50:44.414: [INFO][Sync] Stopped: User Consents
2026-04-12 09:50:44.414: [INFO][Sync] Stopped: Send Tab To Self
2026-04-12 09:50:44.414: [INFO][Sync] Stopped: Web Apps
2026-04-12 09:50:44.414: [INFO][Sync] Stopped: History
2026-04-12 09:50:44.414: [INFO][Sync] Stopped: Saved Tab Group
2026-04-12 09:50:44.414: [INFO][Sync] Stopped: WebAuthn Credentials
2026-04-12 09:50:44.414: [INFO][Sync] Stopped: Collection
2026-04-12 09:50:44.414: [INFO][Sync] Stopped: Edge E Drop
2026-04-12 09:50:44.414: [INFO][Sync] Stopped: Edge Hub App Usage
2026-04-12 09:50:44.414: [INFO][Sync] Stopped: Edge Wallet
2026-04-12 09:50:44.414: [INFO][Sync] Stopped: Edge Workspace
2026-04-12 10:26:27.983: [INFO][Sync] Reset engine, reason: 0
2026-04-12 10:34:30.341: [INFO][Sync] Reset engine, reason: 8
2026-04-12 10:34:30.341: [INFO][Sync] Stopped: Bookmarks
2026-04-12 10:34:30.341: [INFO][Sync] Stopped: Preferences
2026-04-12 10:34:30.341: [INFO][Sync] Stopped: Passwords
2026-04-12 10:34:30.341: [INFO][Sync] Stopped: Autofill Profiles
2026-04-12 10:34:30.341: [INFO][Sync] Stopped: Autofill
2026-04-12 10:34:30.341: [INFO][Sync] Stopped: Extensions
2026-04-12 10:34:30.341: [INFO][Sync] Stopped: Sessions
2026-04-12 10:34:30.341: [INFO][Sync] Stopped: Extension settings
2026-04-12 10:34:30.341: [INFO][Sync] Stopped: History Delete Directives
2026-04-12 10:34:30.341: [INFO][Sync] Stopped: Device Info
2026-04-12 10:34:30.341: [INFO][Sync] Stopped: User Consents
2026-04-12 10:34:30.341: [INFO][Sync] Stopped: Send Tab To Self
2026-04-12 10:34:30.341: [INFO][Sync] Stopped: Web Apps
2026-04-12 10:34:30.341: [INFO][Sync] Stopped: History
2026-04-12 10:34:30.341: [INFO][Sync] Stopped: Saved Tab Group
2026-04-12 10:34:30.341: [INFO][Sync] Stopped: WebAuthn Credentials
2026-04-12 10:34:30.341: [INFO][Sync] Stopped: Collection
2026-04-12 10:34:30.341: [INFO][Sync] Stopped: Edge E Drop
2026-04-12 10:34:30.341: [INFO][Sync] Stopped: Edge Hub App Usage
2026-04-12 10:34:30.341: [INFO][Sync] Stopped: Edge Wallet
2026-04-12 10:34:30.341: [INFO][Sync] Stopped: Edge Workspace
2026-04-12 10:34:30.341: [INFO][Sync] SyncState after authenticated was: NotSignedIn
2026-04-12 10:34:30.521: [INFO][Sync] Reset engine, reason: 8
2026-04-12 10:34:30.521: [INFO][Sync] Stopped: Bookmarks
2026-04-12 10:34:30.521: [INFO][Sync] Stopped: Preferences
2026-04-12 10:34:30.521: [INFO][Sync] Stopped: Passwords
2026-04-12 10:34:30.521: [INFO][Sync] Stopped: Autofill Profiles
2026-04-12 10:34:30.521: [INFO][Sync] Stopped: Autofill
2026-04-12 10:34:30.521: [INFO][Sync] Stopped: Extensions
2026-04-12 10:34:30.521: [INFO][Sync] Stopped: Sessions
2026-04-12 10:34:30.521: [INFO][Sync] Stopped: Extension settings
2026-04-12 10:34:30.521: [INFO][Sync] Stopped: History Delete Directives
2026-04-12 10:34:30.521: [INFO][Sync] Stopped: Device Info
2026-04-12 10:34:30.521: [INFO][Sync] Stopped: User Consents
2026-04-12 10:34:30.521: [INFO][Sync] Stopped: Send Tab To Self
2026-04-12 10:34:30.521: [INFO][Sync] Stopped: Web Apps
2026-04-12 10:34:30.521: [INFO][Sync] Stopped: History
2026-04-12 10:34:30.521: [INFO][Sync] Stopped: Saved Tab Group
2026-04-12 10:34:30.521: [INFO][Sync] Stopped: WebAuthn Credentials
2026-04-12 10:34:30.521: [INFO][Sync] Stopped: Collection
2026-04-12 10:34:30.521: [INFO][Sync] Stopped: Edge E Drop
2026-04-12 10:34:30.521: [INFO][Sync] Stopped: Edge Hub App Usage
2026-04-12 10:34:30.521: [INFO][Sync] Stopped: Edge Wallet
2026-04-12 10:34:30.521: [INFO][Sync] Stopped: Edge Workspace
2026-04-12 10:38:33.097: [INFO][Sync] Reset engine, reason: 0
2026-04-12 15:17:19.225: [INFO][Sync] Reset engine, reason: 8
2026-04-12 15:17:19.225: [INFO][Sync] Stopped: Bookmarks
2026-04-12 15:17:19.225: [INFO][Sync] Stopped: Preferences
2026-04-12 15:17:19.225: [INFO][Sync] Stopped: Passwords
2026-04-12 15:17:19.225: [INFO][Sync] Stopped: Autofill Profiles
2026-04-12 15:17:19.225: [INFO][Sync] Stopped: Autofill
2026-04-12 15:17:19.225: [INFO][Sync] Stopped: Extensions
2026-04-12 15:17:19.225: [INFO][Sync] Stopped: Sessions
2026-04-12 15:17:19.225: [INFO][Sync] Stopped: Extension settings
2026-04-12 15:17:19.225: [INFO][Sync] Stopped: History Delete Directives
2026-04-12 15:17:19.225: [INFO][Sync] Stopped: Device Info
2026-04-12 15:17:19.225: [INFO][Sync] Stopped: User Consents
2026-04-12 15:17:19.225: [INFO][Sync] Stopped: Send Tab To Self
2026-04-12 15:17:19.225: [INFO][Sync] Stopped: Web Apps
2026-04-12 15:17:19.225: [INFO][Sync] Stopped: History
2026-04-12 15:17:19.225: [INFO][Sync] Stopped: Saved Tab Group
2026-04-12 15:17:19.225: [INFO][Sync] Stopped: WebAuthn Credentials
2026-04-12 15:17:19.225: [INFO][Sync] Stopped: Collection
2026-04-12 15:17:19.225: [INFO][Sync] Stopped: Edge E Drop
2026-04-12 15:17:19.225: [INFO][Sync] Stopped: Edge Hub App Usage
2026-04-12 15:17:19.225: [INFO][Sync] Stopped: Edge Wallet
2026-04-12 15:17:19.225: [INFO][Sync] Stopped: Edge Workspace
2026-04-12 15:17:19.225: [INFO][Sync] SyncState after authenticated was: NotSignedIn
2026-04-12 15:17:19.336: [INFO][Sync] Reset engine, reason: 8
2026-04-12 15:17:19.336: [INFO][Sync] Stopped: Bookmarks
2026-04-12 15:17:19.336: [INFO][Sync] Stopped: Preferences
2026-04-12 15:17:19.336: [INFO][Sync] Stopped: Passwords
2026-04-12 15:17:19.336: [INFO][Sync] Stopped: Autofill Profiles
2026-04-12 15:17:19.336: [INFO][Sync] Stopped: Autofill
2026-04-12 15:17:19.336: [INFO][Sync] Stopped: Extensions
2026-04-12 15:17:19.336: [INFO][Sync] Stopped: Sessions
2026-04-12 15:17:19.336: [INFO][Sync] Stopped: Extension settings
2026-04-12 15:17:19.336: [INFO][Sync] Stopped: History Delete Directives
2026-04-12 15:17:19.336: [INFO][Sync] Stopped: Device Info
2026-04-12 15:17:19.336: [INFO][Sync] Stopped: User Consents
2026-04-12 15:17:19.336: [INFO][Sync] Stopped: Send Tab To Self
2026-04-12 15:17:19.336: [INFO][Sync] Stopped: Web Apps
2026-04-12 15:17:19.336: [INFO][Sync] Stopped: History
2026-04-12 15:17:19.336: [INFO][Sync] Stopped: Saved Tab Group
2026-04-12 15:17:19.336: [INFO][Sync] Stopped: WebAuthn Credentials
2026-04-12 15:17:19.336: [INFO][Sync] Stopped: Collection
2026-04-12 15:17:19.336: [INFO][Sync] Stopped: Edge E Drop
2026-04-12 15:17:19.336: [INFO][Sync] Stopped: Edge Hub App Usage
2026-04-12 15:17:19.336: [INFO][Sync] Stopped: Edge Wallet
2026-04-12 15:17:19.336: [INFO][Sync] Stopped: Edge Workspace
2026-04-12 15:20:08.918: [INFO][Sync] Reset engine, reason: 0
